ISO-10303-21;
HEADER;
/* Generated by software containing ST-Developer
 * from STEP Tools, Inc. (www.steptools.com) 
 */

FILE_DESCRIPTION(
/* description */ (''),
/* implementation_level */ '2;1');

FILE_NAME(
/* name */ 'MOTOR_MOUNT_REINFORCED.stp',
/* time_stamp */ '2026-03-26T17:46:26Z',
/* author */ ('Luke'),
/* organization */ (''),
/* preprocessor_version */ 'ST-DEVELOPER v20.1',
/* originating_system */ 'Autodesk Inventor 2026',
/* authorisation */ '');

FILE_SCHEMA (('AUTOMOTIVE_DESIGN { 1 0 10303 214 3 1 1 }'));
ENDSEC;

DATA;
#10=MECHANICAL_DESIGN_GEOMETRIC_PRESENTATION_REPRESENTATION('',(#77,#78,
#79,#80,#81,#82,#83,#84,#85,#86,#87,#88,#89,#90,#91,#92,#93,#94,#95,#96,
#97,#98,#99,#100,#101,#102,#103,#104,#105,#106,#107,#108,#109,#110,#111,
#112,#113,#114,#115,#116,#117,#118,#119,#120,#121,#122,#123,#124,#125,#126,
#127,#128,#129,#130,#131,#132,#133,#134,#135,#136),#3128);
#11=GEOMETRICALLY_BOUNDED_WIREFRAME_SHAPE_REPRESENTATION('',(#12,#13,#14,
#15),#3127);
#12=GEOMETRIC_CURVE_SET('Sketch21',(#3121));
#13=GEOMETRIC_CURVE_SET('Sketch23',(#3122));
#14=GEOMETRIC_CURVE_SET('Sketch25',(#3123));
#15=GEOMETRIC_CURVE_SET('Sketch35',(#3124));
#16=SHAPE_REPRESENTATION_RELATIONSHIP('SRR','None',#3135,#18);
#17=SHAPE_REPRESENTATION_RELATIONSHIP('SRR','None',#3135,#11);
#18=ADVANCED_BREP_SHAPE_REPRESENTATION('',(#19,#20),#3127);
#19=MANIFOLD_SOLID_BREP('Solid1',#1960);
#20=MANIFOLD_SOLID_BREP('Solid1',#1961);
#21=FACE_BOUND('',#246,.T.);
#22=FACE_BOUND('',#249,.T.);
#23=FACE_BOUND('',#252,.T.);
#24=FACE_BOUND('',#255,.T.);
#25=FACE_BOUND('',#275,.T.);
#26=FACE_BOUND('',#276,.T.);
#27=FACE_BOUND('',#277,.T.);
#28=FACE_BOUND('',#278,.T.);
#29=FACE_BOUND('',#287,.T.);
#30=FACE_BOUND('',#288,.T.);
#31=FACE_BOUND('',#289,.T.);
#32=FACE_BOUND('',#290,.T.);
#33=FACE_BOUND('',#301,.T.);
#34=FACE_BOUND('',#303,.T.);
#35=FACE_BOUND('',#326,.T.);
#36=FACE_BOUND('',#328,.T.);
#37=FACE_BOUND('',#334,.T.);
#38=FACE_BOUND('',#338,.T.);
#39=FACE_BOUND('',#340,.T.);
#40=FACE_BOUND('',#348,.T.);
#41=CIRCLE('',#1993,2.75);
#42=CIRCLE('',#1994,2.75);
#43=CIRCLE('',#1996,1.5);
#44=CIRCLE('',#1998,2.75);
#45=CIRCLE('',#1999,2.75);
#46=CIRCLE('',#2001,1.5);
#47=CIRCLE('',#2003,2.75);
#48=CIRCLE('',#2004,2.75);
#49=CIRCLE('',#2006,1.5);
#50=CIRCLE('',#2008,2.75);
#51=CIRCLE('',#2009,2.75);
#52=CIRCLE('',#2011,1.5);
#53=CIRCLE('',#2013,1.5);
#54=CIRCLE('',#2015,1.5);
#55=CIRCLE('',#2017,1.5);
#56=CIRCLE('',#2019,1.5);
#57=CIRCLE('',#2053,2.75);
#58=CIRCLE('',#2055,2.75);
#59=CIRCLE('',#2082,1.5);
#60=CIRCLE('',#2083,1.5);
#61=CIRCLE('',#2085,2.75);
#62=CIRCLE('',#2088,1.5);
#63=CIRCLE('',#2089,1.50000129086029);
#64=CIRCLE('',#2091,2.75);
#65=CYLINDRICAL_SURFACE('',#1992,2.75);
#66=CYLINDRICAL_SURFACE('',#1997,2.75);
#67=CYLINDRICAL_SURFACE('',#2002,2.75);
#68=CYLINDRICAL_SURFACE('',#2007,2.75);
#69=CYLINDRICAL_SURFACE('',#2012,1.5);
#70=CYLINDRICAL_SURFACE('',#2014,1.5);
#71=CYLINDRICAL_SURFACE('',#2016,1.5);
#72=CYLINDRICAL_SURFACE('',#2018,1.5);
#73=CYLINDRICAL_SURFACE('',#2081,1.5);
#74=CYLINDRICAL_SURFACE('',#2084,2.75);
#75=CYLINDRICAL_SURFACE('',#2087,1.5);
#76=CYLINDRICAL_SURFACE('',#2090,2.75);
#77=STYLED_ITEM('',(#3145),#1863);
#78=STYLED_ITEM('',(#3145),#1866);
#79=STYLED_ITEM('',(#3145),#1884);
#80=STYLED_ITEM('',(#3145),#1885);
#81=STYLED_ITEM('',(#3145),#1886);
#82=STYLED_ITEM('',(#3145),#1887);
#83=STYLED_ITEM('',(#3145),#1888);
#84=STYLED_ITEM('',(#3145),#1889);
#85=STYLED_ITEM('',(#3145),#1890);
#86=STYLED_ITEM('',(#3145),#1891);
#87=STYLED_ITEM('',(#3145),#1892);
#88=STYLED_ITEM('',(#3145),#1893);
#89=STYLED_ITEM('',(#3145),#1894);
#90=STYLED_ITEM('',(#3145),#1895);
#91=STYLED_ITEM('',(#3145),#1896);
#92=STYLED_ITEM('',(#3145),#1897);
#93=STYLED_ITEM('',(#3145),#1898);
#94=STYLED_ITEM('',(#3145),#1899);
#95=STYLED_ITEM('',(#3145),#1900);
#96=STYLED_ITEM('',(#3145),#1901);
#97=STYLED_ITEM('',(#3145),#1902);
#98=STYLED_ITEM('',(#3145),#1903);
#99=STYLED_ITEM('',(#3145),#1904);
#100=STYLED_ITEM('',(#3145),#1905);
#101=STYLED_ITEM('',(#3145),#1906);
#102=STYLED_ITEM('',(#3145),#1907);
#103=STYLED_ITEM('',(#3145),#1908);
#104=STYLED_ITEM('',(#3145),#1909);
#105=STYLED_ITEM('',(#3145),#1910);
#106=STYLED_ITEM('',(#3145),#1911);
#107=STYLED_ITEM('',(#3144),#19);
#108=STYLED_ITEM('',(#3145),#1912);
#109=STYLED_ITEM('',(#3145),#1913);
#110=STYLED_ITEM('',(#3145),#1914);
#111=STYLED_ITEM('',(#3145),#1915);
#112=STYLED_ITEM('',(#3145),#1916);
#113=STYLED_ITEM('',(#3145),#1917);
#114=STYLED_ITEM('',(#3145),#1918);
#115=STYLED_ITEM('',(#3145),#1919);
#116=STYLED_ITEM('',(#3145),#1920);
#117=STYLED_ITEM('',(#3145),#1921);
#118=STYLED_ITEM('',(#3145),#1922);
#119=STYLED_ITEM('',(#3145),#1923);
#120=STYLED_ITEM('',(#3145),#1924);
#121=STYLED_ITEM('',(#3145),#1925);
#122=STYLED_ITEM('',(#3145),#1926);
#123=STYLED_ITEM('',(#3145),#1927);
#124=STYLED_ITEM('',(#3145),#1928);
#125=STYLED_ITEM('',(#3145),#1929);
#126=STYLED_ITEM('',(#3145),#1930);
#127=STYLED_ITEM('',(#3145),#1931);
#128=STYLED_ITEM('',(#3145),#1932);
#129=STYLED_ITEM('',(#3145),#1933);
#130=STYLED_ITEM('',(#3145),#1934);
#131=STYLED_ITEM('',(#3145),#1935);
#132=STYLED_ITEM('',(#3145),#1936);
#133=STYLED_ITEM('',(#3145),#1937);
#134=STYLED_ITEM('',(#3145),#1938);
#135=STYLED_ITEM('',(#3145),#1939);
#136=STYLED_ITEM('',(#3144),#20);
#137=FACE_OUTER_BOUND('',#236,.T.);
#138=FACE_OUTER_BOUND('',#237,.T.);
#139=FACE_OUTER_BOUND('',#238,.T.);
#140=FACE_OUTER_BOUND('',#239,.T.);
#141=FACE_OUTER_BOUND('',#240,.T.);
#142=FACE_OUTER_BOUND('',#241,.T.);
#143=FACE_OUTER_BOUND('',#242,.T.);
#144=FACE_OUTER_BOUND('',#243,.T.);
#145=FACE_OUTER_BOUND('',#244,.T.);
#146=FACE_OUTER_BOUND('',#245,.T.);
#147=FACE_OUTER_BOUND('',#247,.T.);
#148=FACE_OUTER_BOUND('',#248,.T.);
#149=FACE_OUTER_BOUND('',#250,.T.);
#150=FACE_OUTER_BOUND('',#251,.T.);
#151=FACE_OUTER_BOUND('',#253,.T.);
#152=FACE_OUTER_BOUND('',#254,.T.);
#153=FACE_OUTER_BOUND('',#256,.T.);
#154=FACE_OUTER_BOUND('',#257,.T.);
#155=FACE_OUTER_BOUND('',#258,.T.);
#156=FACE_OUTER_BOUND('',#259,.T.);
#157=FACE_OUTER_BOUND('',#260,.T.);
#158=FACE_OUTER_BOUND('',#261,.T.);
#159=FACE_OUTER_BOUND('',#262,.T.);
#160=FACE_OUTER_BOUND('',#263,.T.);
#161=FACE_OUTER_BOUND('',#264,.T.);
#162=FACE_OUTER_BOUND('',#265,.T.);
#163=FACE_OUTER_BOUND('',#266,.T.);
#164=FACE_OUTER_BOUND('',#267,.T.);
#165=FACE_OUTER_BOUND('',#268,.T.);
#166=FACE_OUTER_BOUND('',#269,.T.);
#167=FACE_OUTER_BOUND('',#270,.T.);
#168=FACE_OUTER_BOUND('',#271,.T.);
#169=FACE_OUTER_BOUND('',#272,.T.);
#170=FACE_OUTER_BOUND('',#273,.T.);
#171=FACE_OUTER_BOUND('',#274,.T.);
#172=FACE_OUTER_BOUND('',#279,.T.);
#173=FACE_OUTER_BOUND('',#280,.T.);
#174=FACE_OUTER_BOUND('',#281,.T.);
#175=FACE_OUTER_BOUND('',#282,.T.);
#176=FACE_OUTER_BOUND('',#283,.T.);
#177=FACE_OUTER_BOUND('',#284,.T.);
#178=FACE_OUTER_BOUND('',#285,.T.);
#179=FACE_OUTER_BOUND('',#286,.T.);
#180=FACE_OUTER_BOUND('',#291,.T.);
#181=FACE_OUTER_BOUND('',#292,.T.);
#182=FACE_OUTER_BOUND('',#293,.T.);
#183=FACE_OUTER_BOUND('',#294,.T.);
#184=FACE_OUTER_BOUND('',#295,.T.);
#185=FACE_OUTER_BOUND('',#296,.T.);
#186=FACE_OUTER_BOUND('',#297,.T.);
#187=FACE_OUTER_BOUND('',#298,.T.);
#188=FACE_OUTER_BOUND('',#299,.T.);
#189=FACE_OUTER_BOUND('',#300,.T.);
#190=FACE_OUTER_BOUND('',#302,.T.);
#191=FACE_OUTER_BOUND('',#304,.T.);
#192=FACE_OUTER_BOUND('',#305,.T.);
#193=FACE_OUTER_BOUND('',#306,.T.);
#194=FACE_OUTER_BOUND('',#307,.T.);
#195=FACE_OUTER_BOUND('',#308,.T.);
#196=FACE_OUTER_BOUND('',#309,.T.);
#197=FACE_OUTER_BOUND('',#310,.T.);
#198=FACE_OUTER_BOUND('',#311,.T.);
#199=FACE_OUTER_BOUND('',#312,.T.);
#200=FACE_OUTER_BOUND('',#313,.T.);
#201=FACE_OUTER_BOUND('',#314,.T.);
#202=FACE_OUTER_BOUND('',#315,.T.);
#203=FACE_OUTER_BOUND('',#316,.T.);
#204=FACE_OUTER_BOUND('',#317,.T.);
#205=FACE_OUTER_BOUND('',#318,.T.);
#206=FACE_OUTER_BOUND('',#319,.T.);
#207=FACE_OUTER_BOUND('',#320,.T.);
#208=FACE_OUTER_BOUND('',#321,.T.);
#209=FACE_OUTER_BOUND('',#322,.T.);
#210=FACE_OUTER_BOUND('',#323,.T.);
#211=FACE_OUTER_BOUND('',#324,.T.);
#212=FACE_OUTER_BOUND('',#325,.T.);
#213=FACE_OUTER_BOUND('',#327,.T.);
#214=FACE_OUTER_BOUND('',#329,.T.);
#215=FACE_OUTER_BOUND('',#330,.T.);
#216=FACE_OUTER_BOUND('',#331,.T.);
#217=FACE_OUTER_BOUND('',#332,.T.);
#218=FACE_OUTER_BOUND('',#333,.T.);
#219=FACE_OUTER_BOUND('',#335,.T.);
#220=FACE_OUTER_BOUND('',#336,.T.);
#221=FACE_OUTER_BOUND('',#337,.T.);
#222=FACE_OUTER_BOUND('',#339,.T.);
#223=FACE_OUTER_BOUND('',#341,.T.);
#224=FACE_OUTER_BOUND('',#342,.T.);
#225=FACE_OUTER_BOUND('',#343,.T.);
#226=FACE_OUTER_BOUND('',#344,.T.);
#227=FACE_OUTER_BOUND('',#345,.T.);
#228=FACE_OUTER_BOUND('',#346,.T.);
#229=FACE_OUTER_BOUND('',#347,.T.);
#230=FACE_OUTER_BOUND('',#349,.T.);
#231=FACE_OUTER_BOUND('',#350,.T.);
#232=FACE_OUTER_BOUND('',#351,.T.);
#233=FACE_OUTER_BOUND('',#352,.T.);
#234=FACE_OUTER_BOUND('',#353,.T.);
#235=FACE_OUTER_BOUND('',#354,.T.);
#236=EDGE_LOOP('',(#1256,#1257,#1258,#1259));
#237=EDGE_LOOP('',(#1260,#1261,#1262));
#238=EDGE_LOOP('',(#1263,#1264,#1265,#1266,#1267,#1268,#1269,#1270));
#239=EDGE_LOOP('',(#1271,#1272,#1273,#1274));
#240=EDGE_LOOP('',(#1275,#1276,#1277));
#241=EDGE_LOOP('',(#1278,#1279,#1280,#1281,#1282,#1283,#1284,#1285,#1286,
#1287,#1288,#1289,#1290,#1291,#1292,#1293));
#242=EDGE_LOOP('',(#1294,#1295,#1296));
#243=EDGE_LOOP('',(#1297,#1298,#1299,#1300));
#244=EDGE_LOOP('',(#1301,#1302,#1303,#1304));
#245=EDGE_LOOP('',(#1305));
#246=EDGE_LOOP('',(#1306));
#247=EDGE_LOOP('',(#1307,#1308,#1309,#1310));
#248=EDGE_LOOP('',(#1311));
#249=EDGE_LOOP('',(#1312));
#250=EDGE_LOOP('',(#1313,#1314,#1315,#1316));
#251=EDGE_LOOP('',(#1317));
#252=EDGE_LOOP('',(#1318));
#253=EDGE_LOOP('',(#1319,#1320,#1321,#1322));
#254=EDGE_LOOP('',(#1323));
#255=EDGE_LOOP('',(#1324));
#256=EDGE_LOOP('',(#1325,#1326,#1327,#1328));
#257=EDGE_LOOP('',(#1329,#1330,#1331,#1332));
#258=EDGE_LOOP('',(#1333,#1334,#1335,#1336));
#259=EDGE_LOOP('',(#1337,#1338,#1339,#1340));
#260=EDGE_LOOP('',(#1341,#1342,#1343,#1344));
#261=EDGE_LOOP('',(#1345,#1346,#1347,#1348));
#262=EDGE_LOOP('',(#1349,#1350,#1351,#1352));
#263=EDGE_LOOP('',(#1353,#1354,#1355,#1356,#1357,#1358,#1359,#1360,#1361,
#1362,#1363,#1364,#1365,#1366,#1367,#1368,#1369,#1370,#1371,#1372));
#264=EDGE_LOOP('',(#1373,#1374,#1375));
#265=EDGE_LOOP('',(#1376,#1377,#1378,#1379));
#266=EDGE_LOOP('',(#1380,#1381,#1382));
#267=EDGE_LOOP('',(#1383,#1384,#1385));
#268=EDGE_LOOP('',(#1386,#1387,#1388,#1389,#1390,#1391,#1392,#1393));
#269=EDGE_LOOP('',(#1394,#1395,#1396,#1397,#1398,#1399,#1400,#1401));
#270=EDGE_LOOP('',(#1402,#1403,#1404));
#271=EDGE_LOOP('',(#1405,#1406,#1407,#1408,#1409,#1410,#1411,#1412,#1413,
#1414,#1415,#1416,#1417,#1418,#1419,#1420));
#272=EDGE_LOOP('',(#1421,#1422,#1423));
#273=EDGE_LOOP('',(#1424,#1425,#1426,#1427,#1428,#1429,#1430,#1431));
#274=EDGE_LOOP('',(#1432,#1433,#1434,#1435));
#275=EDGE_LOOP('',(#1436));
#276=EDGE_LOOP('',(#1437));
#277=EDGE_LOOP('',(#1438));
#278=EDGE_LOOP('',(#1439));
#279=EDGE_LOOP('',(#1440,#1441,#1442,#1443));
#280=EDGE_LOOP('',(#1444,#1445,#1446,#1447));
#281=EDGE_LOOP('',(#1448,#1449,#1450,#1451));
#282=EDGE_LOOP('',(#1452,#1453,#1454,#1455,#1456,#1457,#1458,#1459));
#283=EDGE_LOOP('',(#1460,#1461,#1462,#1463));
#284=EDGE_LOOP('',(#1464,#1465,#1466,#1467));
#285=EDGE_LOOP('',(#1468,#1469,#1470,#1471));
#286=EDGE_LOOP('',(#1472,#1473,#1474,#1475));
#287=EDGE_LOOP('',(#1476));
#288=EDGE_LOOP('',(#1477));
#289=EDGE_LOOP('',(#1478));
#290=EDGE_LOOP('',(#1479));
#291=EDGE_LOOP('',(#1480,#1481,#1482,#1483));
#292=EDGE_LOOP('',(#1484,#1485,#1486,#1487));
#293=EDGE_LOOP('',(#1488,#1489,#1490,#1491,#1492,#1493,#1494,#1495));
#294=EDGE_LOOP('',(#1496,#1497,#1498,#1499));
#295=EDGE_LOOP('',(#1500,#1501,#1502,#1503,#1504,#1505));
#296=EDGE_LOOP('',(#1506,#1507,#1508,#1509,#1510,#1511));
#297=EDGE_LOOP('',(#1512,#1513,#1514));
#298=EDGE_LOOP('',(#1515,#1516,#1517));
#299=EDGE_LOOP('',(#1518,#1519,#1520,#1521,#1522,#1523,#1524,#1525,#1526,
#1527,#1528,#1529,#1530,#1531,#1532,#1533,#1534,#1535,#1536,#1537,#1538,
#1539,#1540,#1541,#1542,#1543));
#300=EDGE_LOOP('',(#1544,#1545,#1546,#1547));
#301=EDGE_LOOP('',(#1548));
#302=EDGE_LOOP('',(#1549,#1550,#1551,#1552));
#303=EDGE_LOOP('',(#1553));
#304=EDGE_LOOP('',(#1554,#1555,#1556,#1557));
#305=EDGE_LOOP('',(#1558,#1559,#1560,#1561));
#306=EDGE_LOOP('',(#1562,#1563,#1564,#1565));
#307=EDGE_LOOP('',(#1566,#1567,#1568,#1569));
#308=EDGE_LOOP('',(#1570,#1571,#1572,#1573));
#309=EDGE_LOOP('',(#1574,#1575,#1576,#1577));
#310=EDGE_LOOP('',(#1578,#1579,#1580,#1581));
#311=EDGE_LOOP('',(#1582,#1583,#1584,#1585));
#312=EDGE_LOOP('',(#1586,#1587,#1588,#1589));
#313=EDGE_LOOP('',(#1590,#1591,#1592,#1593));
#314=EDGE_LOOP('',(#1594,#1595,#1596,#1597));
#315=EDGE_LOOP('',(#1598,#1599,#1600,#1601));
#316=EDGE_LOOP('',(#1602,#1603,#1604,#1605));
#317=EDGE_LOOP('',(#1606,#1607,#1608,#1609));
#318=EDGE_LOOP('',(#1610,#1611,#1612,#1613));
#319=EDGE_LOOP('',(#1614,#1615,#1616,#1617));
#320=EDGE_LOOP('',(#1618,#1619,#1620,#1621));
#321=EDGE_LOOP('',(#1622,#1623,#1624,#1625,#1626,#1627));
#322=EDGE_LOOP('',(#1628,#1629,#1630,#1631,#1632,#1633));
#323=EDGE_LOOP('',(#1634,#1635,#1636,#1637));
#324=EDGE_LOOP('',(#1638,#1639,#1640,#1641,#1642,#1643,#1644,#1645,#1646,
#1647,#1648,#1649,#1650,#1651,#1652,#1653,#1654,#1655,#1656,#1657,#1658,
#1659,#1660,#1661,#1662,#1663));
#325=EDGE_LOOP('',(#1664,#1665,#1666,#1667));
#326=EDGE_LOOP('',(#1668,#1669,#1670,#1671,#1672,#1673));
#327=EDGE_LOOP('',(#1674,#1675,#1676,#1677));
#328=EDGE_LOOP('',(#1678,#1679,#1680,#1681,#1682,#1683));
#329=EDGE_LOOP('',(#1684,#1685,#1686,#1687));
#330=EDGE_LOOP('',(#1688,#1689,#1690,#1691));
#331=EDGE_LOOP('',(#1692,#1693,#1694,#1695));
#332=EDGE_LOOP('',(#1696,#1697,#1698,#1699));
#333=EDGE_LOOP('',(#1700));
#334=EDGE_LOOP('',(#1701));
#335=EDGE_LOOP('',(#1702,#1703,#1704,#1705));
#336=EDGE_LOOP('',(#1706,#1707,#1708,#1709));
#337=EDGE_LOOP('',(#1710));
#338=EDGE_LOOP('',(#1711));
#339=EDGE_LOOP('',(#1712,#1713,#1714,#1715,#1716,#1717));
#340=EDGE_LOOP('',(#1718));
#341=EDGE_LOOP('',(#1719,#1720,#1721,#1722));
#342=EDGE_LOOP('',(#1723,#1724,#1725,#1726));
#343=EDGE_LOOP('',(#1727,#1728,#1729,#1730));
#344=EDGE_LOOP('',(#1731,#1732,#1733,#1734));
#345=EDGE_LOOP('',(#1735,#1736,#1737,#1738));
#346=EDGE_LOOP('',(#1739,#1740,#1741,#1742));
#347=EDGE_LOOP('',(#1743,#1744,#1745,#1746,#1747,#1748));
#348=EDGE_LOOP('',(#1749));
#349=EDGE_LOOP('',(#1750,#1751,#1752,#1753));
#350=EDGE_LOOP('',(#1754,#1755,#1756,#1757));
#351=EDGE_LOOP('',(#1758,#1759,#1760,#1761));
#352=EDGE_LOOP('',(#1762,#1763,#1764,#1765));
#353=EDGE_LOOP('',(#1766,#1767,#1768,#1769));
#354=EDGE_LOOP('',(#1770,#1771,#1772,#1773));
#355=LINE('',#2594,#590);
#356=LINE('',#2596,#591);
#357=LINE('',#2598,#592);
#358=LINE('',#2599,#593);
#359=LINE('',#2602,#594);
#360=LINE('',#2603,#595);
#361=LINE('',#2606,#596);
#362=LINE('',#2608,#597);
#363=LINE('',#2610,#598);
#364=LINE('',#2612,#599);
#365=LINE('',#2614,#600);
#366=LINE('',#2615,#601);
#367=LINE('',#2619,#602);
#368=LINE('',#2621,#603);
#369=LINE('',#2623,#604);
#370=LINE('',#2624,#605);
#371=LINE('',#2627,#606);
#372=LINE('',#2628,#607);
#373=LINE('',#2631,#608);
#374=LINE('',#2633,#609);
#375=LINE('',#2635,#610);
#376=LINE('',#2637,#611);
#377=LINE('',#2639,#612);
#378=LINE('',#2641,#613);
#379=LINE('',#2643,#614);
#380=LINE('',#2645,#615);
#381=LINE('',#2647,#616);
#382=LINE('',#2649,#617);
#383=LINE('',#2651,#618);
#384=LINE('',#2653,#619);
#385=LINE('',#2655,#620);
#386=LINE('',#2656,#621);
#387=LINE('',#2660,#622);
#388=LINE('',#2662,#623);
#389=LINE('',#2663,#624);
#390=LINE('',#2666,#625);
#391=LINE('',#2668,#626);
#392=LINE('',#2669,#627);
#393=LINE('',#2674,#628);
#394=LINE('',#2683,#629);
#395=LINE('',#2692,#630);
#396=LINE('',#2701,#631);
#397=LINE('',#2709,#632);
#398=LINE('',#2713,#633);
#399=LINE('',#2717,#634);
#400=LINE('',#2721,#635);
#401=LINE('',#2725,#636);
#402=LINE('',#2727,#637);
#403=LINE('',#2729,#638);
#404=LINE('',#2730,#639);
#405=LINE('',#2733,#640);
#406=LINE('',#2735,#641);
#407=LINE('',#2736,#642);
#408=LINE('',#2740,#643);
#409=LINE('',#2741,#644);
#410=LINE('',#2742,#645);
#411=LINE('',#2745,#646);
#412=LINE('',#2746,#647);
#413=LINE('',#2748,#648);
#414=LINE('',#2749,#649);
#415=LINE('',#2750,#650);
#416=LINE('',#2752,#651);
#417=LINE('',#2753,#652);
#418=LINE('',#2755,#653);
#419=LINE('',#2757,#654);
#420=LINE('',#2759,#655);
#421=LINE('',#2761,#656);
#422=LINE('',#2763,#657);
#423=LINE('',#2765,#658);
#424=LINE('',#2766,#659);
#425=LINE('',#2770,#660);
#426=LINE('',#2772,#661);
#427=LINE('',#2773,#662);
#428=LINE('',#2776,#663);
#429=LINE('',#2778,#664);
#430=LINE('',#2779,#665);
#431=LINE('',#2782,#666);
#432=LINE('',#2783,#667);
#433=LINE('',#2785,#668);
#434=LINE('',#2788,#669);
#435=LINE('',#2790,#670);
#436=LINE('',#2791,#671);
#437=LINE('',#2792,#672);
#438=LINE('',#2794,#673);
#439=LINE('',#2795,#674);
#440=LINE('',#2797,#675);
#441=LINE('',#2800,#676);
#442=LINE('',#2802,#677);
#443=LINE('',#2803,#678);
#444=LINE('',#2805,#679);
#445=LINE('',#2806,#680);
#446=LINE('',#2808,#681);
#447=LINE('',#2809,#682);
#448=LINE('',#2811,#683);
#449=LINE('',#2814,#684);
#450=LINE('',#2816,#685);
#451=LINE('',#2817,#686);
#452=LINE('',#2821,#687);
#453=LINE('',#2823,#688);
#454=LINE('',#2824,#689);
#455=LINE('',#2826,#690);
#456=LINE('',#2828,#691);
#457=LINE('',#2832,#692);
#458=LINE('',#2834,#693);
#459=LINE('',#2835,#694);
#460=LINE('',#2837,#695);
#461=LINE('',#2839,#696);
#462=LINE('',#2842,#697);
#463=LINE('',#2845,#698);
#464=LINE('',#2847,#699);
#465=LINE('',#2850,#700);
#466=LINE('',#2852,#701);
#467=LINE('',#2853,#702);
#468=LINE('',#2855,#703);
#469=LINE('',#2856,#704);
#470=LINE('',#2862,#705);
#471=LINE('',#2864,#706);
#472=LINE('',#2866,#707);
#473=LINE('',#2868,#708);
#474=LINE('',#2870,#709);
#475=LINE('',#2872,#710);
#476=LINE('',#2874,#711);
#477=LINE('',#2876,#712);
#478=LINE('',#2878,#713);
#479=LINE('',#2880,#714);
#480=LINE('',#2882,#715);
#481=LINE('',#2884,#716);
#482=LINE('',#2886,#717);
#483=LINE('',#2888,#718);
#484=LINE('',#2890,#719);
#485=LINE('',#2892,#720);
#486=LINE('',#2894,#721);
#487=LINE('',#2896,#722);
#488=LINE('',#2898,#723);
#489=LINE('',#2900,#724);
#490=LINE('',#2902,#725);
#491=LINE('',#2904,#726);
#492=LINE('',#2906,#727);
#493=LINE('',#2908,#728);
#494=LINE('',#2910,#729);
#495=LINE('',#2911,#730);
#496=LINE('',#2914,#731);
#497=LINE('',#2916,#732);
#498=LINE('',#2917,#733);
#499=LINE('',#2922,#734);
#500=LINE('',#2923,#735);
#501=LINE('',#2928,#736);
#502=LINE('',#2930,#737);
#503=LINE('',#2931,#738);
#504=LINE('',#2934,#739);
#505=LINE('',#2935,#740);
#506=LINE('',#2938,#741);
#507=LINE('',#2939,#742);
#508=LINE('',#2942,#743);
#509=LINE('',#2943,#744);
#510=LINE('',#2946,#745);
#511=LINE('',#2947,#746);
#512=LINE('',#2950,#747);
#513=LINE('',#2951,#748);
#514=LINE('',#2954,#749);
#515=LINE('',#2955,#750);
#516=LINE('',#2958,#751);
#517=LINE('',#2959,#752);
#518=LINE('',#2962,#753);
#519=LINE('',#2963,#754);
#520=LINE('',#2966,#755);
#521=LINE('',#2968,#756);
#522=LINE('',#2969,#757);
#523=LINE('',#2972,#758);
#524=LINE('',#2973,#759);
#525=LINE('',#2976,#760);
#526=LINE('',#2977,#761);
#527=LINE('',#2980,#762);
#528=LINE('',#2981,#763);
#529=LINE('',#2984,#764);
#530=LINE('',#2985,#765);
#531=LINE('',#2988,#766);
#532=LINE('',#2989,#767);
#533=LINE('',#2992,#768);
#534=LINE('',#2993,#769);
#535=LINE('',#2996,#770);
#536=LINE('',#2997,#771);
#537=LINE('',#3000,#772);
#538=LINE('',#3002,#773);
#539=LINE('',#3004,#774);
#540=LINE('',#3005,#775);
#541=LINE('',#3007,#776);
#542=LINE('',#3010,#777);
#543=LINE('',#3011,#778);
#544=LINE('',#3014,#779);
#545=LINE('',#3015,#780);
#546=LINE('',#3017,#781);
#547=LINE('',#3018,#782);
#548=LINE('',#3020,#783);
#549=LINE('',#3023,#784);
#550=LINE('',#3025,#785);
#551=LINE('',#3027,#786);
#552=LINE('',#3029,#787);
#553=LINE('',#3031,#788);
#554=LINE('',#3032,#789);
#555=LINE('',#3036,#790);
#556=LINE('',#3038,#791);
#557=LINE('',#3040,#792);
#558=LINE('',#3042,#793);
#559=LINE('',#3044,#794);
#560=LINE('',#3045,#795);
#561=LINE('',#3047,#796);
#562=LINE('',#3053,#797);
#563=LINE('',#3057,#798);
#564=LINE('',#3064,#799);
#565=LINE('',#3068,#800);
#566=LINE('',#3074,#801);
#567=LINE('',#3076,#802);
#568=LINE('',#3078,#803);
#569=LINE('',#3080,#804);
#570=LINE('',#3082,#805);
#571=LINE('',#3083,#806);
#572=LINE('',#3085,#807);
#573=LINE('',#3086,#808);
#574=LINE('',#3088,#809);
#575=LINE('',#3090,#810);
#576=LINE('',#3092,#811);
#577=LINE('',#3094,#812);
#578=LINE('',#3099,#813);
#579=LINE('',#3101,#814);
#580=LINE('',#3103,#815);
#581=LINE('',#3105,#816);
#582=LINE('',#3107,#817);
#583=LINE('',#3108,#818);
#584=LINE('',#3110,#819);
#585=LINE('',#3111,#820);
#586=LINE('',#3113,#821);
#587=LINE('',#3115,#822);
#588=LINE('',#3117,#823);
#589=LINE('',#3119,#824);
#590=VECTOR('',#2111,10.);
#591=VECTOR('',#2112,10.);
#592=VECTOR('',#2113,10.);
#593=VECTOR('',#2114,10.);
#594=VECTOR('',#2117,10.);
#595=VECTOR('',#2118,10.);
#596=VECTOR('',#2121,10.);
#597=VECTOR('',#2122,10.);
#598=VECTOR('',#2123,10.);
#599=VECTOR('',#2124,10.);
#600=VECTOR('',#2125,10.);
#601=VECTOR('',#2126,10.);
#602=VECTOR('',#2129,10.);
#603=VECTOR('',#2130,10.);
#604=VECTOR('',#2131,10.);
#605=VECTOR('',#2132,10.);
#606=VECTOR('',#2135,10.);
#607=VECTOR('',#2136,10.);
#608=VECTOR('',#2139,10.);
#609=VECTOR('',#2140,10.);
#610=VECTOR('',#2141,10.);
#611=VECTOR('',#2142,10.);
#612=VECTOR('',#2143,10.);
#613=VECTOR('',#2144,10.);
#614=VECTOR('',#2145,10.);
#615=VECTOR('',#2146,10.);
#616=VECTOR('',#2147,10.);
#617=VECTOR('',#2148,10.);
#618=VECTOR('',#2149,10.);
#619=VECTOR('',#2150,10.);
#620=VECTOR('',#2151,10.);
#621=VECTOR('',#2152,10.);
#622=VECTOR('',#2155,10.);
#623=VECTOR('',#2156,10.);
#624=VECTOR('',#2157,10.);
#625=VECTOR('',#2160,10.);
#626=VECTOR('',#2161,10.);
#627=VECTOR('',#2162,10.);
#628=VECTOR('',#2167,2.75);
#629=VECTOR('',#2178,2.75);
#630=VECTOR('',#2189,2.75);
#631=VECTOR('',#2200,2.75);
#632=VECTOR('',#2211,1.5);
#633=VECTOR('',#2216,1.5);
#634=VECTOR('',#2221,1.5);
#635=VECTOR('',#2226,1.5);
#636=VECTOR('',#2229,10.);
#637=VECTOR('',#2230,10.);
#638=VECTOR('',#2231,10.);
#639=VECTOR('',#2232,10.);
#640=VECTOR('',#2235,10.);
#641=VECTOR('',#2236,10.);
#642=VECTOR('',#2237,10.);
#643=VECTOR('',#2240,10.);
#644=VECTOR('',#2241,10.);
#645=VECTOR('',#2242,10.);
#646=VECTOR('',#2245,10.);
#647=VECTOR('',#2246,10.);
#648=VECTOR('',#2247,10.);
#649=VECTOR('',#2248,10.);
#650=VECTOR('',#2249,10.);
#651=VECTOR('',#2250,10.);
#652=VECTOR('',#2251,10.);
#653=VECTOR('',#2252,10.);
#654=VECTOR('',#2253,10.);
#655=VECTOR('',#2254,10.);
#656=VECTOR('',#2255,10.);
#657=VECTOR('',#2256,10.);
#658=VECTOR('',#2257,10.);
#659=VECTOR('',#2258,10.);
#660=VECTOR('',#2261,10.);
#661=VECTOR('',#2262,10.);
#662=VECTOR('',#2263,10.);
#663=VECTOR('',#2266,10.);
#664=VECTOR('',#2267,10.);
#665=VECTOR('',#2268,10.);
#666=VECTOR('',#2271,10.);
#667=VECTOR('',#2272,10.);
#668=VECTOR('',#2275,10.);
#669=VECTOR('',#2278,10.);
#670=VECTOR('',#2279,10.);
#671=VECTOR('',#2280,10.);
#672=VECTOR('',#2281,10.);
#673=VECTOR('',#2284,10.);
#674=VECTOR('',#2285,10.);
#675=VECTOR('',#2288,10.);
#676=VECTOR('',#2291,10.);
#677=VECTOR('',#2292,10.);
#678=VECTOR('',#2293,10.);
#679=VECTOR('',#2294,10.);
#680=VECTOR('',#2295,10.);
#681=VECTOR('',#2296,10.);
#682=VECTOR('',#2297,10.);
#683=VECTOR('',#2300,10.);
#684=VECTOR('',#2303,10.);
#685=VECTOR('',#2304,10.);
#686=VECTOR('',#2305,10.);
#687=VECTOR('',#2310,10.);
#688=VECTOR('',#2311,10.);
#689=VECTOR('',#2312,10.);
#690=VECTOR('',#2315,10.);
#691=VECTOR('',#2318,10.);
#692=VECTOR('',#2323,10.);
#693=VECTOR('',#2324,10.);
#694=VECTOR('',#2325,10.);
#695=VECTOR('',#2328,10.);
#696=VECTOR('',#2331,10.);
#697=VECTOR('',#2336,10.);
#698=VECTOR('',#2341,10.);
#699=VECTOR('',#2344,10.);
#700=VECTOR('',#2347,10.);
#701=VECTOR('',#2348,10.);
#702=VECTOR('',#2349,10.);
#703=VECTOR('',#2352,10.);
#704=VECTOR('',#2353,10.);
#705=VECTOR('',#2360,10.);
#706=VECTOR('',#2361,10.);
#707=VECTOR('',#2362,10.);
#708=VECTOR('',#2363,10.);
#709=VECTOR('',#2364,10.);
#710=VECTOR('',#2365,10.);
#711=VECTOR('',#2366,10.);
#712=VECTOR('',#2367,10.);
#713=VECTOR('',#2368,10.);
#714=VECTOR('',#2369,10.);
#715=VECTOR('',#2370,10.);
#716=VECTOR('',#2371,10.);
#717=VECTOR('',#2372,10.);
#718=VECTOR('',#2373,10.);
#719=VECTOR('',#2374,10.);
#720=VECTOR('',#2375,10.);
#721=VECTOR('',#2376,10.);
#722=VECTOR('',#2377,10.);
#723=VECTOR('',#2378,10.);
#724=VECTOR('',#2379,10.);
#725=VECTOR('',#2380,10.);
#726=VECTOR('',#2381,10.);
#727=VECTOR('',#2382,10.);
#728=VECTOR('',#2383,10.);
#729=VECTOR('',#2384,10.);
#730=VECTOR('',#2385,10.);
#731=VECTOR('',#2388,10.);
#732=VECTOR('',#2389,10.);
#733=VECTOR('',#2390,10.);
#734=VECTOR('',#2395,10.);
#735=VECTOR('',#2396,10.);
#736=VECTOR('',#2401,10.);
#737=VECTOR('',#2402,10.);
#738=VECTOR('',#2403,10.);
#739=VECTOR('',#2406,10.);
#740=VECTOR('',#2407,10.);
#741=VECTOR('',#2410,10.);
#742=VECTOR('',#2411,10.);
#743=VECTOR('',#2414,10.);
#744=VECTOR('',#2415,10.);
#745=VECTOR('',#2418,10.);
#746=VECTOR('',#2419,10.);
#747=VECTOR('',#2422,10.);
#748=VECTOR('',#2423,10.);
#749=VECTOR('',#2426,10.);
#750=VECTOR('',#2427,10.);
#751=VECTOR('',#2430,10.);
#752=VECTOR('',#2431,10.);
#753=VECTOR('',#2434,10.);
#754=VECTOR('',#2435,10.);
#755=VECTOR('',#2438,10.);
#756=VECTOR('',#2439,10.);
#757=VECTOR('',#2440,10.);
#758=VECTOR('',#2443,10.);
#759=VECTOR('',#2444,10.);
#760=VECTOR('',#2447,10.);
#761=VECTOR('',#2448,10.);
#762=VECTOR('',#2451,10.);
#763=VECTOR('',#2452,10.);
#764=VECTOR('',#2455,10.);
#765=VECTOR('',#2456,10.);
#766=VECTOR('',#2459,10.);
#767=VECTOR('',#2460,10.);
#768=VECTOR('',#2463,10.);
#769=VECTOR('',#2464,10.);
#770=VECTOR('',#2467,10.);
#771=VECTOR('',#2468,10.);
#772=VECTOR('',#2471,10.);
#773=VECTOR('',#2472,10.);
#774=VECTOR('',#2473,10.);
#775=VECTOR('',#2474,10.);
#776=VECTOR('',#2477,10.);
#777=VECTOR('',#2480,10.);
#778=VECTOR('',#2481,10.);
#779=VECTOR('',#2484,10.);
#780=VECTOR('',#2485,10.);
#781=VECTOR('',#2486,10.);
#782=VECTOR('',#2487,10.);
#783=VECTOR('',#2490,10.);
#784=VECTOR('',#2491,10.);
#785=VECTOR('',#2492,10.);
#786=VECTOR('',#2493,10.);
#787=VECTOR('',#2494,10.);
#788=VECTOR('',#2495,10.);
#789=VECTOR('',#2496,10.);
#790=VECTOR('',#2499,10.);
#791=VECTOR('',#2500,10.);
#792=VECTOR('',#2501,10.);
#793=VECTOR('',#2502,10.);
#794=VECTOR('',#2503,10.);
#795=VECTOR('',#2504,10.);
#796=VECTOR('',#2507,10.);
#797=VECTOR('',#2514,1.5);
#798=VECTOR('',#2519,2.75);
#799=VECTOR('',#2528,1.5);
#800=VECTOR('',#2533,2.75);
#801=VECTOR('',#2540,10.);
#802=VECTOR('',#2541,10.);
#803=VECTOR('',#2542,10.);
#804=VECTOR('',#2543,10.);
#805=VECTOR('',#2544,10.);
#806=VECTOR('',#2545,10.);
#807=VECTOR('',#2548,10.);
#808=VECTOR('',#2549,10.);
#809=VECTOR('',#2552,10.);
#810=VECTOR('',#2555,10.);
#811=VECTOR('',#2558,10.);
#812=VECTOR('',#2561,10.);
#813=VECTOR('',#2566,10.);
#814=VECTOR('',#2567,10.);
#815=VECTOR('',#2568,10.);
#816=VECTOR('',#2569,10.);
#817=VECTOR('',#2570,10.);
#818=VECTOR('',#2571,10.);
#819=VECTOR('',#2574,10.);
#820=VECTOR('',#2575,10.);
#821=VECTOR('',#2578,10.);
#822=VECTOR('',#2581,10.);
#823=VECTOR('',#2584,10.);
#824=VECTOR('',#2587,10.);
#825=VERTEX_POINT('',#2592);
#826=VERTEX_POINT('',#2593);
#827=VERTEX_POINT('',#2595);
#828=VERTEX_POINT('',#2597);
#829=VERTEX_POINT('',#2601);
#830=VERTEX_POINT('',#2605);
#831=VERTEX_POINT('',#2607);
#832=VERTEX_POINT('',#2609);
#833=VERTEX_POINT('',#2611);
#834=VERTEX_POINT('',#2613);
#835=VERTEX_POINT('',#2617);
#836=VERTEX_POINT('',#2618);
#837=VERTEX_POINT('',#2620);
#838=VERTEX_POINT('',#2622);
#839=VERTEX_POINT('',#2626);
#840=VERTEX_POINT('',#2630);
#841=VERTEX_POINT('',#2632);
#842=VERTEX_POINT('',#2634);
#843=VERTEX_POINT('',#2636);
#844=VERTEX_POINT('',#2638);
#845=VERTEX_POINT('',#2640);
#846=VERTEX_POINT('',#2642);
#847=VERTEX_POINT('',#2644);
#848=VERTEX_POINT('',#2646);
#849=VERTEX_POINT('',#2648);
#850=VERTEX_POINT('',#2650);
#851=VERTEX_POINT('',#2652);
#852=VERTEX_POINT('',#2654);
#853=VERTEX_POINT('',#2658);
#854=VERTEX_POINT('',#2659);
#855=VERTEX_POINT('',#2661);
#856=VERTEX_POINT('',#2665);
#857=VERTEX_POINT('',#2667);
#858=VERTEX_POINT('',#2671);
#859=VERTEX_POINT('',#2673);
#860=VERTEX_POINT('',#2677);
#861=VERTEX_POINT('',#2680);
#862=VERTEX_POINT('',#2682);
#863=VERTEX_POINT('',#2686);
#864=VERTEX_POINT('',#2689);
#865=VERTEX_POINT('',#2691);
#866=VERTEX_POINT('',#2695);
#867=VERTEX_POINT('',#2698);
#868=VERTEX_POINT('',#2700);
#869=VERTEX_POINT('',#2704);
#870=VERTEX_POINT('',#2707);
#871=VERTEX_POINT('',#2711);
#872=VERTEX_POINT('',#2715);
#873=VERTEX_POINT('',#2719);
#874=VERTEX_POINT('',#2723);
#875=VERTEX_POINT('',#2724);
#876=VERTEX_POINT('',#2726);
#877=VERTEX_POINT('',#2728);
#878=VERTEX_POINT('',#2732);
#879=VERTEX_POINT('',#2734);
#880=VERTEX_POINT('',#2738);
#881=VERTEX_POINT('',#2739);
#882=VERTEX_POINT('',#2744);
#883=VERTEX_POINT('',#2747);
#884=VERTEX_POINT('',#2751);
#885=VERTEX_POINT('',#2754);
#886=VERTEX_POINT('',#2756);
#887=VERTEX_POINT('',#2758);
#888=VERTEX_POINT('',#2760);
#889=VERTEX_POINT('',#2762);
#890=VERTEX_POINT('',#2764);
#891=VERTEX_POINT('',#2768);
#892=VERTEX_POINT('',#2769);
#893=VERTEX_POINT('',#2771);
#894=VERTEX_POINT('',#2775);
#895=VERTEX_POINT('',#2777);
#896=VERTEX_POINT('',#2781);
#897=VERTEX_POINT('',#2787);
#898=VERTEX_POINT('',#2789);
#899=VERTEX_POINT('',#2799);
#900=VERTEX_POINT('',#2801);
#901=VERTEX_POINT('',#2804);
#902=VERTEX_POINT('',#2807);
#903=VERTEX_POINT('',#2813);
#904=VERTEX_POINT('',#2815);
#905=VERTEX_POINT('',#2820);
#906=VERTEX_POINT('',#2822);
#907=VERTEX_POINT('',#2831);
#908=VERTEX_POINT('',#2833);
#909=VERTEX_POINT('',#2849);
#910=VERTEX_POINT('',#2851);
#911=VERTEX_POINT('',#2860);
#912=VERTEX_POINT('',#2861);
#913=VERTEX_POINT('',#2863);
#914=VERTEX_POINT('',#2865);
#915=VERTEX_POINT('',#2867);
#916=VERTEX_POINT('',#2869);
#917=VERTEX_POINT('',#2871);
#918=VERTEX_POINT('',#2873);
#919=VERTEX_POINT('',#2875);
#920=VERTEX_POINT('',#2877);
#921=VERTEX_POINT('',#2879);
#922=VERTEX_POINT('',#2881);
#923=VERTEX_POINT('',#2883);
#924=VERTEX_POINT('',#2885);
#925=VERTEX_POINT('',#2887);
#926=VERTEX_POINT('',#2889);
#927=VERTEX_POINT('',#2891);
#928=VERTEX_POINT('',#2893);
#929=VERTEX_POINT('',#2895);
#930=VERTEX_POINT('',#2897);
#931=VERTEX_POINT('',#2899);
#932=VERTEX_POINT('',#2901);
#933=VERTEX_POINT('',#2903);
#934=VERTEX_POINT('',#2905);
#935=VERTEX_POINT('',#2907);
#936=VERTEX_POINT('',#2909);
#937=VERTEX_POINT('',#2913);
#938=VERTEX_POINT('',#2915);
#939=VERTEX_POINT('',#2918);
#940=VERTEX_POINT('',#2921);
#941=VERTEX_POINT('',#2924);
#942=VERTEX_POINT('',#2927);
#943=VERTEX_POINT('',#2929);
#944=VERTEX_POINT('',#2933);
#945=VERTEX_POINT('',#2937);
#946=VERTEX_POINT('',#2941);
#947=VERTEX_POINT('',#2945);
#948=VERTEX_POINT('',#2949);
#949=VERTEX_POINT('',#2953);
#950=VERTEX_POINT('',#2957);
#951=VERTEX_POINT('',#2961);
#952=VERTEX_POINT('',#2965);
#953=VERTEX_POINT('',#2967);
#954=VERTEX_POINT('',#2971);
#955=VERTEX_POINT('',#2975);
#956=VERTEX_POINT('',#2979);
#957=VERTEX_POINT('',#2983);
#958=VERTEX_POINT('',#2987);
#959=VERTEX_POINT('',#2991);
#960=VERTEX_POINT('',#2995);
#961=VERTEX_POINT('',#2999);
#962=VERTEX_POINT('',#3001);
#963=VERTEX_POINT('',#3003);
#964=VERTEX_POINT('',#3009);
#965=VERTEX_POINT('',#3013);
#966=VERTEX_POINT('',#3016);
#967=VERTEX_POINT('',#3021);
#968=VERTEX_POINT('',#3022);
#969=VERTEX_POINT('',#3024);
#970=VERTEX_POINT('',#3026);
#971=VERTEX_POINT('',#3028);
#972=VERTEX_POINT('',#3030);
#973=VERTEX_POINT('',#3034);
#974=VERTEX_POINT('',#3035);
#975=VERTEX_POINT('',#3037);
#976=VERTEX_POINT('',#3039);
#977=VERTEX_POINT('',#3041);
#978=VERTEX_POINT('',#3043);
#979=VERTEX_POINT('',#3050);
#980=VERTEX_POINT('',#3052);
#981=VERTEX_POINT('',#3056);
#982=VERTEX_POINT('',#3061);
#983=VERTEX_POINT('',#3063);
#984=VERTEX_POINT('',#3067);
#985=VERTEX_POINT('',#3072);
#986=VERTEX_POINT('',#3073);
#987=VERTEX_POINT('',#3075);
#988=VERTEX_POINT('',#3077);
#989=VERTEX_POINT('',#3079);
#990=VERTEX_POINT('',#3081);
#991=VERTEX_POINT('',#3097);
#992=VERTEX_POINT('',#3098);
#993=VERTEX_POINT('',#3100);
#994=VERTEX_POINT('',#3102);
#995=VERTEX_POINT('',#3104);
#996=VERTEX_POINT('',#3106);
#997=EDGE_CURVE('',#825,#826,#355,.T.);
#998=EDGE_CURVE('',#827,#825,#356,.T.);
#999=EDGE_CURVE('',#828,#827,#357,.T.);
#1000=EDGE_CURVE('',#826,#828,#358,.T.);
#1001=EDGE_CURVE('',#826,#829,#359,.T.);
#1002=EDGE_CURVE('',#829,#828,#360,.T.);
#1003=EDGE_CURVE('',#827,#830,#361,.T.);
#1004=EDGE_CURVE('',#830,#831,#362,.T.);
#1005=EDGE_CURVE('',#831,#832,#363,.T.);
#1006=EDGE_CURVE('',#833,#832,#364,.T.);
#1007=EDGE_CURVE('',#834,#833,#365,.T.);
#1008=EDGE_CURVE('',#834,#829,#366,.T.);
#1009=EDGE_CURVE('',#835,#836,#367,.T.);
#1010=EDGE_CURVE('',#837,#835,#368,.T.);
#1011=EDGE_CURVE('',#838,#837,#369,.T.);
#1012=EDGE_CURVE('',#836,#838,#370,.T.);
#1013=EDGE_CURVE('',#836,#839,#371,.T.);
#1014=EDGE_CURVE('',#839,#838,#372,.T.);
#1015=EDGE_CURVE('',#837,#840,#373,.T.);
#1016=EDGE_CURVE('',#841,#840,#374,.T.);
#1017=EDGE_CURVE('',#841,#842,#375,.T.);
#1018=EDGE_CURVE('',#842,#843,#376,.T.);
#1019=EDGE_CURVE('',#843,#844,#377,.T.);
#1020=EDGE_CURVE('',#844,#845,#378,.T.);
#1021=EDGE_CURVE('',#845,#846,#379,.T.);
#1022=EDGE_CURVE('',#846,#847,#380,.T.);
#1023=EDGE_CURVE('',#847,#848,#381,.T.);
#1024=EDGE_CURVE('',#848,#849,#382,.T.);
#1025=EDGE_CURVE('',#849,#850,#383,.T.);
#1026=EDGE_CURVE('',#850,#851,#384,.T.);
#1027=EDGE_CURVE('',#851,#852,#385,.T.);
#1028=EDGE_CURVE('',#839,#852,#386,.T.);
#1029=EDGE_CURVE('',#853,#854,#387,.T.);
#1030=EDGE_CURVE('',#855,#853,#388,.T.);
#1031=EDGE_CURVE('',#855,#854,#389,.T.);
#1032=EDGE_CURVE('',#854,#856,#390,.T.);
#1033=EDGE_CURVE('',#857,#855,#391,.T.);
#1034=EDGE_CURVE('',#856,#857,#392,.T.);
#1035=EDGE_CURVE('',#858,#858,#41,.T.);
#1036=EDGE_CURVE('',#858,#859,#393,.T.);
#1037=EDGE_CURVE('',#859,#859,#42,.T.);
#1038=EDGE_CURVE('',#860,#860,#43,.T.);
#1039=EDGE_CURVE('',#861,#861,#44,.T.);
#1040=EDGE_CURVE('',#861,#862,#394,.T.);
#1041=EDGE_CURVE('',#862,#862,#45,.T.);
#1042=EDGE_CURVE('',#863,#863,#46,.T.);
#1043=EDGE_CURVE('',#864,#864,#47,.T.);
#1044=EDGE_CURVE('',#864,#865,#395,.T.);
#1045=EDGE_CURVE('',#865,#865,#48,.T.);
#1046=EDGE_CURVE('',#866,#866,#49,.T.);
#1047=EDGE_CURVE('',#867,#867,#50,.T.);
#1048=EDGE_CURVE('',#867,#868,#396,.T.);
#1049=EDGE_CURVE('',#868,#868,#51,.T.);
#1050=EDGE_CURVE('',#869,#869,#52,.T.);
#1051=EDGE_CURVE('',#870,#870,#53,.T.);
#1052=EDGE_CURVE('',#870,#860,#397,.T.);
#1053=EDGE_CURVE('',#871,#871,#54,.T.);
#1054=EDGE_CURVE('',#871,#863,#398,.T.);
#1055=EDGE_CURVE('',#872,#872,#55,.T.);
#1056=EDGE_CURVE('',#872,#866,#399,.T.);
#1057=EDGE_CURVE('',#873,#873,#56,.T.);
#1058=EDGE_CURVE('',#873,#869,#400,.T.);
#1059=EDGE_CURVE('',#874,#875,#401,.T.);
#1060=EDGE_CURVE('',#876,#874,#402,.T.);
#1061=EDGE_CURVE('',#876,#877,#403,.T.);
#1062=EDGE_CURVE('',#877,#875,#404,.T.);
#1063=EDGE_CURVE('',#878,#877,#405,.T.);
#1064=EDGE_CURVE('',#879,#876,#406,.T.);
#1065=EDGE_CURVE('',#879,#878,#407,.T.);
#1066=EDGE_CURVE('',#880,#881,#408,.T.);
#1067=EDGE_CURVE('',#880,#878,#409,.T.);
#1068=EDGE_CURVE('',#881,#879,#410,.T.);
#1069=EDGE_CURVE('',#856,#882,#411,.T.);
#1070=EDGE_CURVE('',#882,#851,#412,.T.);
#1071=EDGE_CURVE('',#850,#883,#413,.T.);
#1072=EDGE_CURVE('',#874,#883,#414,.T.);
#1073=EDGE_CURVE('',#875,#880,#415,.T.);
#1074=EDGE_CURVE('',#884,#881,#416,.T.);
#1075=EDGE_CURVE('',#847,#884,#417,.T.);
#1076=EDGE_CURVE('',#885,#846,#418,.T.);
#1077=EDGE_CURVE('',#886,#885,#419,.T.);
#1078=EDGE_CURVE('',#886,#887,#420,.T.);
#1079=EDGE_CURVE('',#888,#887,#421,.T.);
#1080=EDGE_CURVE('',#889,#888,#422,.T.);
#1081=EDGE_CURVE('',#890,#889,#423,.T.);
#1082=EDGE_CURVE('',#890,#853,#424,.T.);
#1083=EDGE_CURVE('',#891,#892,#425,.T.);
#1084=EDGE_CURVE('',#893,#892,#426,.T.);
#1085=EDGE_CURVE('',#891,#893,#427,.T.);
#1086=EDGE_CURVE('',#894,#891,#428,.T.);
#1087=EDGE_CURVE('',#895,#894,#429,.T.);
#1088=EDGE_CURVE('',#892,#895,#430,.T.);
#1089=EDGE_CURVE('',#896,#894,#431,.T.);
#1090=EDGE_CURVE('',#895,#896,#432,.T.);
#1091=EDGE_CURVE('',#882,#857,#433,.T.);
#1092=EDGE_CURVE('',#897,#893,#434,.T.);
#1093=EDGE_CURVE('',#898,#897,#435,.T.);
#1094=EDGE_CURVE('',#898,#844,#436,.T.);
#1095=EDGE_CURVE('',#896,#843,#437,.T.);
#1096=EDGE_CURVE('',#834,#890,#438,.T.);
#1097=EDGE_CURVE('',#852,#834,#439,.T.);
#1098=EDGE_CURVE('',#830,#825,#440,.T.);
#1099=EDGE_CURVE('',#889,#899,#441,.T.);
#1100=EDGE_CURVE('',#899,#900,#442,.T.);
#1101=EDGE_CURVE('',#900,#886,#443,.T.);
#1102=EDGE_CURVE('',#885,#901,#444,.T.);
#1103=EDGE_CURVE('',#901,#898,#445,.T.);
#1104=EDGE_CURVE('',#897,#902,#446,.T.);
#1105=EDGE_CURVE('',#902,#831,#447,.T.);
#1106=EDGE_CURVE('',#840,#835,#448,.T.);
#1107=EDGE_CURVE('',#903,#852,#449,.T.);
#1108=EDGE_CURVE('',#904,#903,#450,.T.);
#1109=EDGE_CURVE('',#904,#841,#451,.T.);
#1110=EDGE_CURVE('',#848,#905,#452,.T.);
#1111=EDGE_CURVE('',#906,#905,#453,.T.);
#1112=EDGE_CURVE('',#849,#906,#454,.T.);
#1113=EDGE_CURVE('',#905,#884,#455,.T.);
#1114=EDGE_CURVE('',#883,#906,#456,.T.);
#1115=EDGE_CURVE('',#899,#907,#457,.T.);
#1116=EDGE_CURVE('',#908,#907,#458,.T.);
#1117=EDGE_CURVE('',#900,#908,#459,.T.);
#1118=EDGE_CURVE('',#907,#888,#460,.T.);
#1119=EDGE_CURVE('',#887,#908,#461,.T.);
#1120=EDGE_CURVE('',#901,#845,#462,.T.);
#1121=EDGE_CURVE('',#902,#842,#463,.T.);
#1122=EDGE_CURVE('',#841,#831,#464,.T.);
#1123=EDGE_CURVE('',#909,#904,#465,.T.);
#1124=EDGE_CURVE('',#909,#910,#466,.T.);
#1125=EDGE_CURVE('',#832,#910,#467,.T.);
#1126=EDGE_CURVE('',#903,#909,#468,.T.);
#1127=EDGE_CURVE('',#910,#833,#469,.T.);
#1128=EDGE_CURVE('',#911,#912,#470,.T.);
#1129=EDGE_CURVE('',#913,#911,#471,.T.);
#1130=EDGE_CURVE('',#914,#913,#472,.T.);
#1131=EDGE_CURVE('',#915,#914,#473,.T.);
#1132=EDGE_CURVE('',#916,#915,#474,.T.);
#1133=EDGE_CURVE('',#917,#916,#475,.T.);
#1134=EDGE_CURVE('',#918,#917,#476,.T.);
#1135=EDGE_CURVE('',#919,#918,#477,.T.);
#1136=EDGE_CURVE('',#919,#920,#478,.T.);
#1137=EDGE_CURVE('',#920,#921,#479,.T.);
#1138=EDGE_CURVE('',#921,#922,#480,.T.);
#1139=EDGE_CURVE('',#923,#922,#481,.T.);
#1140=EDGE_CURVE('',#924,#923,#482,.T.);
#1141=EDGE_CURVE('',#924,#925,#483,.T.);
#1142=EDGE_CURVE('',#925,#926,#484,.T.);
#1143=EDGE_CURVE('',#927,#926,#485,.T.);
#1144=EDGE_CURVE('',#928,#927,#486,.T.);
#1145=EDGE_CURVE('',#929,#928,#487,.T.);
#1146=EDGE_CURVE('',#930,#929,#488,.T.);
#1147=EDGE_CURVE('',#931,#930,#489,.T.);
#1148=EDGE_CURVE('',#932,#931,#490,.T.);
#1149=EDGE_CURVE('',#933,#932,#491,.T.);
#1150=EDGE_CURVE('',#934,#933,#492,.T.);
#1151=EDGE_CURVE('',#935,#934,#493,.T.);
#1152=EDGE_CURVE('',#935,#936,#494,.T.);
#1153=EDGE_CURVE('',#936,#912,#495,.T.);
#1154=EDGE_CURVE('',#923,#937,#496,.T.);
#1155=EDGE_CURVE('',#938,#937,#497,.T.);
#1156=EDGE_CURVE('',#924,#938,#498,.T.);
#1157=EDGE_CURVE('',#939,#939,#57,.T.);
#1158=EDGE_CURVE('',#940,#922,#499,.T.);
#1159=EDGE_CURVE('',#937,#940,#500,.T.);
#1160=EDGE_CURVE('',#941,#941,#58,.T.);
#1161=EDGE_CURVE('',#942,#920,#501,.T.);
#1162=EDGE_CURVE('',#919,#943,#502,.T.);
#1163=EDGE_CURVE('',#942,#943,#503,.T.);
#1164=EDGE_CURVE('',#918,#944,#504,.T.);
#1165=EDGE_CURVE('',#943,#944,#505,.T.);
#1166=EDGE_CURVE('',#917,#945,#506,.T.);
#1167=EDGE_CURVE('',#944,#945,#507,.T.);
#1168=EDGE_CURVE('',#916,#946,#508,.T.);
#1169=EDGE_CURVE('',#945,#946,#509,.T.);
#1170=EDGE_CURVE('',#915,#947,#510,.T.);
#1171=EDGE_CURVE('',#946,#947,#511,.T.);
#1172=EDGE_CURVE('',#914,#948,#512,.T.);
#1173=EDGE_CURVE('',#947,#948,#513,.T.);
#1174=EDGE_CURVE('',#913,#949,#514,.T.);
#1175=EDGE_CURVE('',#948,#949,#515,.T.);
#1176=EDGE_CURVE('',#911,#950,#516,.T.);
#1177=EDGE_CURVE('',#949,#950,#517,.T.);
#1178=EDGE_CURVE('',#912,#951,#518,.T.);
#1179=EDGE_CURVE('',#950,#951,#519,.T.);
#1180=EDGE_CURVE('',#933,#952,#520,.T.);
#1181=EDGE_CURVE('',#953,#952,#521,.T.);
#1182=EDGE_CURVE('',#934,#953,#522,.T.);
#1183=EDGE_CURVE('',#932,#954,#523,.T.);
#1184=EDGE_CURVE('',#952,#954,#524,.T.);
#1185=EDGE_CURVE('',#931,#955,#525,.T.);
#1186=EDGE_CURVE('',#954,#955,#526,.T.);
#1187=EDGE_CURVE('',#930,#956,#527,.T.);
#1188=EDGE_CURVE('',#955,#956,#528,.T.);
#1189=EDGE_CURVE('',#929,#957,#529,.T.);
#1190=EDGE_CURVE('',#956,#957,#530,.T.);
#1191=EDGE_CURVE('',#928,#958,#531,.T.);
#1192=EDGE_CURVE('',#957,#958,#532,.T.);
#1193=EDGE_CURVE('',#927,#959,#533,.T.);
#1194=EDGE_CURVE('',#958,#959,#534,.T.);
#1195=EDGE_CURVE('',#926,#960,#535,.T.);
#1196=EDGE_CURVE('',#959,#960,#536,.T.);
#1197=EDGE_CURVE('',#961,#938,#537,.T.);
#1198=EDGE_CURVE('',#961,#962,#538,.T.);
#1199=EDGE_CURVE('',#962,#963,#539,.T.);
#1200=EDGE_CURVE('',#963,#925,#540,.T.);
#1201=EDGE_CURVE('',#960,#961,#541,.T.);
#1202=EDGE_CURVE('',#964,#935,#542,.T.);
#1203=EDGE_CURVE('',#964,#953,#543,.T.);
#1204=EDGE_CURVE('',#951,#965,#544,.T.);
#1205=EDGE_CURVE('',#965,#964,#545,.T.);
#1206=EDGE_CURVE('',#940,#966,#546,.T.);
#1207=EDGE_CURVE('',#966,#942,#547,.T.);
#1208=EDGE_CURVE('',#965,#936,#548,.T.);
#1209=EDGE_CURVE('',#967,#968,#549,.T.);
#1210=EDGE_CURVE('',#968,#969,#550,.T.);
#1211=EDGE_CURVE('',#969,#970,#551,.T.);
#1212=EDGE_CURVE('',#970,#971,#552,.T.);
#1213=EDGE_CURVE('',#971,#972,#553,.T.);
#1214=EDGE_CURVE('',#972,#967,#554,.T.);
#1215=EDGE_CURVE('',#973,#974,#555,.T.);
#1216=EDGE_CURVE('',#974,#975,#556,.T.);
#1217=EDGE_CURVE('',#975,#976,#557,.T.);
#1218=EDGE_CURVE('',#976,#977,#558,.T.);
#1219=EDGE_CURVE('',#977,#978,#559,.T.);
#1220=EDGE_CURVE('',#978,#973,#560,.T.);
#1221=EDGE_CURVE('',#966,#921,#561,.T.);
#1222=EDGE_CURVE('',#979,#979,#59,.T.);
#1223=EDGE_CURVE('',#979,#980,#562,.T.);
#1224=EDGE_CURVE('',#980,#980,#60,.T.);
#1225=EDGE_CURVE('',#941,#981,#563,.T.);
#1226=EDGE_CURVE('',#981,#981,#61,.T.);
#1227=EDGE_CURVE('',#982,#982,#62,.T.);
#1228=EDGE_CURVE('',#982,#983,#564,.T.);
#1229=EDGE_CURVE('',#983,#983,#63,.T.);
#1230=EDGE_CURVE('',#939,#984,#565,.T.);
#1231=EDGE_CURVE('',#984,#984,#64,.T.);
#1232=EDGE_CURVE('',#985,#986,#566,.T.);
#1233=EDGE_CURVE('',#987,#985,#567,.T.);
#1234=EDGE_CURVE('',#988,#987,#568,.T.);
#1235=EDGE_CURVE('',#989,#988,#569,.T.);
#1236=EDGE_CURVE('',#990,#989,#570,.T.);
#1237=EDGE_CURVE('',#986,#990,#571,.T.);
#1238=EDGE_CURVE('',#968,#985,#572,.T.);
#1239=EDGE_CURVE('',#969,#986,#573,.T.);
#1240=EDGE_CURVE('',#970,#990,#574,.T.);
#1241=EDGE_CURVE('',#971,#989,#575,.T.);
#1242=EDGE_CURVE('',#972,#988,#576,.T.);
#1243=EDGE_CURVE('',#967,#987,#577,.T.);
#1244=EDGE_CURVE('',#991,#992,#578,.T.);
#1245=EDGE_CURVE('',#993,#991,#579,.T.);
#1246=EDGE_CURVE('',#994,#993,#580,.T.);
#1247=EDGE_CURVE('',#995,#994,#581,.T.);
#1248=EDGE_CURVE('',#996,#995,#582,.T.);
#1249=EDGE_CURVE('',#992,#996,#583,.T.);
#1250=EDGE_CURVE('',#974,#991,#584,.T.);
#1251=EDGE_CURVE('',#975,#992,#585,.T.);
#1252=EDGE_CURVE('',#976,#996,#586,.T.);
#1253=EDGE_CURVE('',#977,#995,#587,.T.);
#1254=EDGE_CURVE('',#978,#994,#588,.T.);
#1255=EDGE_CURVE('',#973,#993,#589,.T.);
#1256=ORIENTED_EDGE('',*,*,#997,.F.);
#1257=ORIENTED_EDGE('',*,*,#998,.F.);
#1258=ORIENTED_EDGE('',*,*,#999,.F.);
#1259=ORIENTED_EDGE('',*,*,#1000,.F.);
#1260=ORIENTED_EDGE('',*,*,#1001,.F.);
#1261=ORIENTED_EDGE('',*,*,#1000,.T.);
#1262=ORIENTED_EDGE('',*,*,#1002,.F.);
#1263=ORIENTED_EDGE('',*,*,#1002,.T.);
#1264=ORIENTED_EDGE('',*,*,#999,.T.);
#1265=ORIENTED_EDGE('',*,*,#1003,.T.);
#1266=ORIENTED_EDGE('',*,*,#1004,.T.);
#1267=ORIENTED_EDGE('',*,*,#1005,.T.);
#1268=ORIENTED_EDGE('',*,*,#1006,.F.);
#1269=ORIENTED_EDGE('',*,*,#1007,.F.);
#1270=ORIENTED_EDGE('',*,*,#1008,.T.);
#1271=ORIENTED_EDGE('',*,*,#1009,.F.);
#1272=ORIENTED_EDGE('',*,*,#1010,.F.);
#1273=ORIENTED_EDGE('',*,*,#1011,.F.);
#1274=ORIENTED_EDGE('',*,*,#1012,.F.);
#1275=ORIENTED_EDGE('',*,*,#1013,.F.);
#1276=ORIENTED_EDGE('',*,*,#1012,.T.);
#1277=ORIENTED_EDGE('',*,*,#1014,.F.);
#1278=ORIENTED_EDGE('',*,*,#1014,.T.);
#1279=ORIENTED_EDGE('',*,*,#1011,.T.);
#1280=ORIENTED_EDGE('',*,*,#1015,.T.);
#1281=ORIENTED_EDGE('',*,*,#1016,.F.);
#1282=ORIENTED_EDGE('',*,*,#1017,.T.);
#1283=ORIENTED_EDGE('',*,*,#1018,.T.);
#1284=ORIENTED_EDGE('',*,*,#1019,.T.);
#1285=ORIENTED_EDGE('',*,*,#1020,.T.);
#1286=ORIENTED_EDGE('',*,*,#1021,.T.);
#1287=ORIENTED_EDGE('',*,*,#1022,.T.);
#1288=ORIENTED_EDGE('',*,*,#1023,.T.);
#1289=ORIENTED_EDGE('',*,*,#1024,.T.);
#1290=ORIENTED_EDGE('',*,*,#1025,.T.);
#1291=ORIENTED_EDGE('',*,*,#1026,.T.);
#1292=ORIENTED_EDGE('',*,*,#1027,.T.);
#1293=ORIENTED_EDGE('',*,*,#1028,.F.);
#1294=ORIENTED_EDGE('',*,*,#1029,.F.);
#1295=ORIENTED_EDGE('',*,*,#1030,.F.);
#1296=ORIENTED_EDGE('',*,*,#1031,.T.);
#1297=ORIENTED_EDGE('',*,*,#1032,.F.);
#1298=ORIENTED_EDGE('',*,*,#1031,.F.);
#1299=ORIENTED_EDGE('',*,*,#1033,.F.);
#1300=ORIENTED_EDGE('',*,*,#1034,.F.);
#1301=ORIENTED_EDGE('',*,*,#1035,.F.);
#1302=ORIENTED_EDGE('',*,*,#1036,.T.);
#1303=ORIENTED_EDGE('',*,*,#1037,.T.);
#1304=ORIENTED_EDGE('',*,*,#1036,.F.);
#1305=ORIENTED_EDGE('',*,*,#1037,.F.);
#1306=ORIENTED_EDGE('',*,*,#1038,.F.);
#1307=ORIENTED_EDGE('',*,*,#1039,.F.);
#1308=ORIENTED_EDGE('',*,*,#1040,.T.);
#1309=ORIENTED_EDGE('',*,*,#1041,.T.);
#1310=ORIENTED_EDGE('',*,*,#1040,.F.);
#1311=ORIENTED_EDGE('',*,*,#1041,.F.);
#1312=ORIENTED_EDGE('',*,*,#1042,.F.);
#1313=ORIENTED_EDGE('',*,*,#1043,.F.);
#1314=ORIENTED_EDGE('',*,*,#1044,.T.);
#1315=ORIENTED_EDGE('',*,*,#1045,.T.);
#1316=ORIENTED_EDGE('',*,*,#1044,.F.);
#1317=ORIENTED_EDGE('',*,*,#1045,.F.);
#1318=ORIENTED_EDGE('',*,*,#1046,.F.);
#1319=ORIENTED_EDGE('',*,*,#1047,.F.);
#1320=ORIENTED_EDGE('',*,*,#1048,.T.);
#1321=ORIENTED_EDGE('',*,*,#1049,.T.);
#1322=ORIENTED_EDGE('',*,*,#1048,.F.);
#1323=ORIENTED_EDGE('',*,*,#1049,.F.);
#1324=ORIENTED_EDGE('',*,*,#1050,.F.);
#1325=ORIENTED_EDGE('',*,*,#1051,.F.);
#1326=ORIENTED_EDGE('',*,*,#1052,.T.);
#1327=ORIENTED_EDGE('',*,*,#1038,.T.);
#1328=ORIENTED_EDGE('',*,*,#1052,.F.);
#1329=ORIENTED_EDGE('',*,*,#1053,.F.);
#1330=ORIENTED_EDGE('',*,*,#1054,.T.);
#1331=ORIENTED_EDGE('',*,*,#1042,.T.);
#1332=ORIENTED_EDGE('',*,*,#1054,.F.);
#1333=ORIENTED_EDGE('',*,*,#1055,.F.);
#1334=ORIENTED_EDGE('',*,*,#1056,.T.);
#1335=ORIENTED_EDGE('',*,*,#1046,.T.);
#1336=ORIENTED_EDGE('',*,*,#1056,.F.);
#1337=ORIENTED_EDGE('',*,*,#1057,.F.);
#1338=ORIENTED_EDGE('',*,*,#1058,.T.);
#1339=ORIENTED_EDGE('',*,*,#1050,.T.);
#1340=ORIENTED_EDGE('',*,*,#1058,.F.);
#1341=ORIENTED_EDGE('',*,*,#1059,.F.);
#1342=ORIENTED_EDGE('',*,*,#1060,.F.);
#1343=ORIENTED_EDGE('',*,*,#1061,.T.);
#1344=ORIENTED_EDGE('',*,*,#1062,.T.);
#1345=ORIENTED_EDGE('',*,*,#1063,.T.);
#1346=ORIENTED_EDGE('',*,*,#1061,.F.);
#1347=ORIENTED_EDGE('',*,*,#1064,.F.);
#1348=ORIENTED_EDGE('',*,*,#1065,.T.);
#1349=ORIENTED_EDGE('',*,*,#1066,.F.);
#1350=ORIENTED_EDGE('',*,*,#1067,.T.);
#1351=ORIENTED_EDGE('',*,*,#1065,.F.);
#1352=ORIENTED_EDGE('',*,*,#1068,.F.);
#1353=ORIENTED_EDGE('',*,*,#1069,.T.);
#1354=ORIENTED_EDGE('',*,*,#1070,.T.);
#1355=ORIENTED_EDGE('',*,*,#1026,.F.);
#1356=ORIENTED_EDGE('',*,*,#1071,.T.);
#1357=ORIENTED_EDGE('',*,*,#1072,.F.);
#1358=ORIENTED_EDGE('',*,*,#1059,.T.);
#1359=ORIENTED_EDGE('',*,*,#1073,.T.);
#1360=ORIENTED_EDGE('',*,*,#1066,.T.);
#1361=ORIENTED_EDGE('',*,*,#1074,.F.);
#1362=ORIENTED_EDGE('',*,*,#1075,.F.);
#1363=ORIENTED_EDGE('',*,*,#1022,.F.);
#1364=ORIENTED_EDGE('',*,*,#1076,.F.);
#1365=ORIENTED_EDGE('',*,*,#1077,.F.);
#1366=ORIENTED_EDGE('',*,*,#1078,.T.);
#1367=ORIENTED_EDGE('',*,*,#1079,.F.);
#1368=ORIENTED_EDGE('',*,*,#1080,.F.);
#1369=ORIENTED_EDGE('',*,*,#1081,.F.);
#1370=ORIENTED_EDGE('',*,*,#1082,.T.);
#1371=ORIENTED_EDGE('',*,*,#1029,.T.);
#1372=ORIENTED_EDGE('',*,*,#1032,.T.);
#1373=ORIENTED_EDGE('',*,*,#1083,.T.);
#1374=ORIENTED_EDGE('',*,*,#1084,.F.);
#1375=ORIENTED_EDGE('',*,*,#1085,.F.);
#1376=ORIENTED_EDGE('',*,*,#1086,.F.);
#1377=ORIENTED_EDGE('',*,*,#1087,.F.);
#1378=ORIENTED_EDGE('',*,*,#1088,.F.);
#1379=ORIENTED_EDGE('',*,*,#1083,.F.);
#1380=ORIENTED_EDGE('',*,*,#1087,.T.);
#1381=ORIENTED_EDGE('',*,*,#1089,.F.);
#1382=ORIENTED_EDGE('',*,*,#1090,.F.);
#1383=ORIENTED_EDGE('',*,*,#1069,.F.);
#1384=ORIENTED_EDGE('',*,*,#1034,.T.);
#1385=ORIENTED_EDGE('',*,*,#1091,.F.);
#1386=ORIENTED_EDGE('',*,*,#1089,.T.);
#1387=ORIENTED_EDGE('',*,*,#1086,.T.);
#1388=ORIENTED_EDGE('',*,*,#1085,.T.);
#1389=ORIENTED_EDGE('',*,*,#1092,.F.);
#1390=ORIENTED_EDGE('',*,*,#1093,.F.);
#1391=ORIENTED_EDGE('',*,*,#1094,.T.);
#1392=ORIENTED_EDGE('',*,*,#1019,.F.);
#1393=ORIENTED_EDGE('',*,*,#1095,.F.);
#1394=ORIENTED_EDGE('',*,*,#1030,.T.);
#1395=ORIENTED_EDGE('',*,*,#1082,.F.);
#1396=ORIENTED_EDGE('',*,*,#1096,.F.);
#1397=ORIENTED_EDGE('',*,*,#1097,.F.);
#1398=ORIENTED_EDGE('',*,*,#1027,.F.);
#1399=ORIENTED_EDGE('',*,*,#1070,.F.);
#1400=ORIENTED_EDGE('',*,*,#1091,.T.);
#1401=ORIENTED_EDGE('',*,*,#1033,.T.);
#1402=ORIENTED_EDGE('',*,*,#1003,.F.);
#1403=ORIENTED_EDGE('',*,*,#998,.T.);
#1404=ORIENTED_EDGE('',*,*,#1098,.F.);
#1405=ORIENTED_EDGE('',*,*,#1001,.T.);
#1406=ORIENTED_EDGE('',*,*,#1008,.F.);
#1407=ORIENTED_EDGE('',*,*,#1096,.T.);
#1408=ORIENTED_EDGE('',*,*,#1081,.T.);
#1409=ORIENTED_EDGE('',*,*,#1099,.T.);
#1410=ORIENTED_EDGE('',*,*,#1100,.T.);
#1411=ORIENTED_EDGE('',*,*,#1101,.T.);
#1412=ORIENTED_EDGE('',*,*,#1077,.T.);
#1413=ORIENTED_EDGE('',*,*,#1102,.T.);
#1414=ORIENTED_EDGE('',*,*,#1103,.T.);
#1415=ORIENTED_EDGE('',*,*,#1093,.T.);
#1416=ORIENTED_EDGE('',*,*,#1104,.T.);
#1417=ORIENTED_EDGE('',*,*,#1105,.T.);
#1418=ORIENTED_EDGE('',*,*,#1004,.F.);
#1419=ORIENTED_EDGE('',*,*,#1098,.T.);
#1420=ORIENTED_EDGE('',*,*,#997,.T.);
#1421=ORIENTED_EDGE('',*,*,#1106,.F.);
#1422=ORIENTED_EDGE('',*,*,#1015,.F.);
#1423=ORIENTED_EDGE('',*,*,#1010,.T.);
#1424=ORIENTED_EDGE('',*,*,#1013,.T.);
#1425=ORIENTED_EDGE('',*,*,#1028,.T.);
#1426=ORIENTED_EDGE('',*,*,#1107,.F.);
#1427=ORIENTED_EDGE('',*,*,#1108,.F.);
#1428=ORIENTED_EDGE('',*,*,#1109,.T.);
#1429=ORIENTED_EDGE('',*,*,#1016,.T.);
#1430=ORIENTED_EDGE('',*,*,#1106,.T.);
#1431=ORIENTED_EDGE('',*,*,#1009,.T.);
#1432=ORIENTED_EDGE('',*,*,#1073,.F.);
#1433=ORIENTED_EDGE('',*,*,#1062,.F.);
#1434=ORIENTED_EDGE('',*,*,#1063,.F.);
#1435=ORIENTED_EDGE('',*,*,#1067,.F.);
#1436=ORIENTED_EDGE('',*,*,#1051,.T.);
#1437=ORIENTED_EDGE('',*,*,#1053,.T.);
#1438=ORIENTED_EDGE('',*,*,#1055,.T.);
#1439=ORIENTED_EDGE('',*,*,#1057,.T.);
#1440=ORIENTED_EDGE('',*,*,#1024,.F.);
#1441=ORIENTED_EDGE('',*,*,#1110,.T.);
#1442=ORIENTED_EDGE('',*,*,#1111,.F.);
#1443=ORIENTED_EDGE('',*,*,#1112,.F.);
#1444=ORIENTED_EDGE('',*,*,#1023,.F.);
#1445=ORIENTED_EDGE('',*,*,#1075,.T.);
#1446=ORIENTED_EDGE('',*,*,#1113,.F.);
#1447=ORIENTED_EDGE('',*,*,#1110,.F.);
#1448=ORIENTED_EDGE('',*,*,#1025,.F.);
#1449=ORIENTED_EDGE('',*,*,#1112,.T.);
#1450=ORIENTED_EDGE('',*,*,#1114,.F.);
#1451=ORIENTED_EDGE('',*,*,#1071,.F.);
#1452=ORIENTED_EDGE('',*,*,#1060,.T.);
#1453=ORIENTED_EDGE('',*,*,#1072,.T.);
#1454=ORIENTED_EDGE('',*,*,#1114,.T.);
#1455=ORIENTED_EDGE('',*,*,#1111,.T.);
#1456=ORIENTED_EDGE('',*,*,#1113,.T.);
#1457=ORIENTED_EDGE('',*,*,#1074,.T.);
#1458=ORIENTED_EDGE('',*,*,#1068,.T.);
#1459=ORIENTED_EDGE('',*,*,#1064,.T.);
#1460=ORIENTED_EDGE('',*,*,#1100,.F.);
#1461=ORIENTED_EDGE('',*,*,#1115,.T.);
#1462=ORIENTED_EDGE('',*,*,#1116,.F.);
#1463=ORIENTED_EDGE('',*,*,#1117,.F.);
#1464=ORIENTED_EDGE('',*,*,#1099,.F.);
#1465=ORIENTED_EDGE('',*,*,#1080,.T.);
#1466=ORIENTED_EDGE('',*,*,#1118,.F.);
#1467=ORIENTED_EDGE('',*,*,#1115,.F.);
#1468=ORIENTED_EDGE('',*,*,#1101,.F.);
#1469=ORIENTED_EDGE('',*,*,#1117,.T.);
#1470=ORIENTED_EDGE('',*,*,#1119,.F.);
#1471=ORIENTED_EDGE('',*,*,#1078,.F.);
#1472=ORIENTED_EDGE('',*,*,#1079,.T.);
#1473=ORIENTED_EDGE('',*,*,#1119,.T.);
#1474=ORIENTED_EDGE('',*,*,#1116,.T.);
#1475=ORIENTED_EDGE('',*,*,#1118,.T.);
#1476=ORIENTED_EDGE('',*,*,#1035,.T.);
#1477=ORIENTED_EDGE('',*,*,#1039,.T.);
#1478=ORIENTED_EDGE('',*,*,#1043,.T.);
#1479=ORIENTED_EDGE('',*,*,#1047,.T.);
#1480=ORIENTED_EDGE('',*,*,#1076,.T.);
#1481=ORIENTED_EDGE('',*,*,#1021,.F.);
#1482=ORIENTED_EDGE('',*,*,#1120,.F.);
#1483=ORIENTED_EDGE('',*,*,#1102,.F.);
#1484=ORIENTED_EDGE('',*,*,#1120,.T.);
#1485=ORIENTED_EDGE('',*,*,#1020,.F.);
#1486=ORIENTED_EDGE('',*,*,#1094,.F.);
#1487=ORIENTED_EDGE('',*,*,#1103,.F.);
#1488=ORIENTED_EDGE('',*,*,#1090,.T.);
#1489=ORIENTED_EDGE('',*,*,#1095,.T.);
#1490=ORIENTED_EDGE('',*,*,#1018,.F.);
#1491=ORIENTED_EDGE('',*,*,#1121,.F.);
#1492=ORIENTED_EDGE('',*,*,#1104,.F.);
#1493=ORIENTED_EDGE('',*,*,#1092,.T.);
#1494=ORIENTED_EDGE('',*,*,#1084,.T.);
#1495=ORIENTED_EDGE('',*,*,#1088,.T.);
#1496=ORIENTED_EDGE('',*,*,#1121,.T.);
#1497=ORIENTED_EDGE('',*,*,#1017,.F.);
#1498=ORIENTED_EDGE('',*,*,#1122,.T.);
#1499=ORIENTED_EDGE('',*,*,#1105,.F.);
#1500=ORIENTED_EDGE('',*,*,#1123,.F.);
#1501=ORIENTED_EDGE('',*,*,#1124,.T.);
#1502=ORIENTED_EDGE('',*,*,#1125,.F.);
#1503=ORIENTED_EDGE('',*,*,#1005,.F.);
#1504=ORIENTED_EDGE('',*,*,#1122,.F.);
#1505=ORIENTED_EDGE('',*,*,#1109,.F.);
#1506=ORIENTED_EDGE('',*,*,#1126,.F.);
#1507=ORIENTED_EDGE('',*,*,#1107,.T.);
#1508=ORIENTED_EDGE('',*,*,#1097,.T.);
#1509=ORIENTED_EDGE('',*,*,#1007,.T.);
#1510=ORIENTED_EDGE('',*,*,#1127,.F.);
#1511=ORIENTED_EDGE('',*,*,#1124,.F.);
#1512=ORIENTED_EDGE('',*,*,#1126,.T.);
#1513=ORIENTED_EDGE('',*,*,#1123,.T.);
#1514=ORIENTED_EDGE('',*,*,#1108,.T.);
#1515=ORIENTED_EDGE('',*,*,#1127,.T.);
#1516=ORIENTED_EDGE('',*,*,#1006,.T.);
#1517=ORIENTED_EDGE('',*,*,#1125,.T.);
#1518=ORIENTED_EDGE('',*,*,#1128,.F.);
#1519=ORIENTED_EDGE('',*,*,#1129,.F.);
#1520=ORIENTED_EDGE('',*,*,#1130,.F.);
#1521=ORIENTED_EDGE('',*,*,#1131,.F.);
#1522=ORIENTED_EDGE('',*,*,#1132,.F.);
#1523=ORIENTED_EDGE('',*,*,#1133,.F.);
#1524=ORIENTED_EDGE('',*,*,#1134,.F.);
#1525=ORIENTED_EDGE('',*,*,#1135,.F.);
#1526=ORIENTED_EDGE('',*,*,#1136,.T.);
#1527=ORIENTED_EDGE('',*,*,#1137,.T.);
#1528=ORIENTED_EDGE('',*,*,#1138,.T.);
#1529=ORIENTED_EDGE('',*,*,#1139,.F.);
#1530=ORIENTED_EDGE('',*,*,#1140,.F.);
#1531=ORIENTED_EDGE('',*,*,#1141,.T.);
#1532=ORIENTED_EDGE('',*,*,#1142,.T.);
#1533=ORIENTED_EDGE('',*,*,#1143,.F.);
#1534=ORIENTED_EDGE('',*,*,#1144,.F.);
#1535=ORIENTED_EDGE('',*,*,#1145,.F.);
#1536=ORIENTED_EDGE('',*,*,#1146,.F.);
#1537=ORIENTED_EDGE('',*,*,#1147,.F.);
#1538=ORIENTED_EDGE('',*,*,#1148,.F.);
#1539=ORIENTED_EDGE('',*,*,#1149,.F.);
#1540=ORIENTED_EDGE('',*,*,#1150,.F.);
#1541=ORIENTED_EDGE('',*,*,#1151,.F.);
#1542=ORIENTED_EDGE('',*,*,#1152,.T.);
#1543=ORIENTED_EDGE('',*,*,#1153,.T.);
#1544=ORIENTED_EDGE('',*,*,#1140,.T.);
#1545=ORIENTED_EDGE('',*,*,#1154,.T.);
#1546=ORIENTED_EDGE('',*,*,#1155,.F.);
#1547=ORIENTED_EDGE('',*,*,#1156,.F.);
#1548=ORIENTED_EDGE('',*,*,#1157,.T.);
#1549=ORIENTED_EDGE('',*,*,#1139,.T.);
#1550=ORIENTED_EDGE('',*,*,#1158,.F.);
#1551=ORIENTED_EDGE('',*,*,#1159,.F.);
#1552=ORIENTED_EDGE('',*,*,#1154,.F.);
#1553=ORIENTED_EDGE('',*,*,#1160,.T.);
#1554=ORIENTED_EDGE('',*,*,#1161,.T.);
#1555=ORIENTED_EDGE('',*,*,#1136,.F.);
#1556=ORIENTED_EDGE('',*,*,#1162,.T.);
#1557=ORIENTED_EDGE('',*,*,#1163,.F.);
#1558=ORIENTED_EDGE('',*,*,#1135,.T.);
#1559=ORIENTED_EDGE('',*,*,#1164,.T.);
#1560=ORIENTED_EDGE('',*,*,#1165,.F.);
#1561=ORIENTED_EDGE('',*,*,#1162,.F.);
#1562=ORIENTED_EDGE('',*,*,#1134,.T.);
#1563=ORIENTED_EDGE('',*,*,#1166,.T.);
#1564=ORIENTED_EDGE('',*,*,#1167,.F.);
#1565=ORIENTED_EDGE('',*,*,#1164,.F.);
#1566=ORIENTED_EDGE('',*,*,#1133,.T.);
#1567=ORIENTED_EDGE('',*,*,#1168,.T.);
#1568=ORIENTED_EDGE('',*,*,#1169,.F.);
#1569=ORIENTED_EDGE('',*,*,#1166,.F.);
#1570=ORIENTED_EDGE('',*,*,#1132,.T.);
#1571=ORIENTED_EDGE('',*,*,#1170,.T.);
#1572=ORIENTED_EDGE('',*,*,#1171,.F.);
#1573=ORIENTED_EDGE('',*,*,#1168,.F.);
#1574=ORIENTED_EDGE('',*,*,#1131,.T.);
#1575=ORIENTED_EDGE('',*,*,#1172,.T.);
#1576=ORIENTED_EDGE('',*,*,#1173,.F.);
#1577=ORIENTED_EDGE('',*,*,#1170,.F.);
#1578=ORIENTED_EDGE('',*,*,#1130,.T.);
#1579=ORIENTED_EDGE('',*,*,#1174,.T.);
#1580=ORIENTED_EDGE('',*,*,#1175,.F.);
#1581=ORIENTED_EDGE('',*,*,#1172,.F.);
#1582=ORIENTED_EDGE('',*,*,#1129,.T.);
#1583=ORIENTED_EDGE('',*,*,#1176,.T.);
#1584=ORIENTED_EDGE('',*,*,#1177,.F.);
#1585=ORIENTED_EDGE('',*,*,#1174,.F.);
#1586=ORIENTED_EDGE('',*,*,#1178,.T.);
#1587=ORIENTED_EDGE('',*,*,#1179,.F.);
#1588=ORIENTED_EDGE('',*,*,#1176,.F.);
#1589=ORIENTED_EDGE('',*,*,#1128,.T.);
#1590=ORIENTED_EDGE('',*,*,#1150,.T.);
#1591=ORIENTED_EDGE('',*,*,#1180,.T.);
#1592=ORIENTED_EDGE('',*,*,#1181,.F.);
#1593=ORIENTED_EDGE('',*,*,#1182,.F.);
#1594=ORIENTED_EDGE('',*,*,#1149,.T.);
#1595=ORIENTED_EDGE('',*,*,#1183,.T.);
#1596=ORIENTED_EDGE('',*,*,#1184,.F.);
#1597=ORIENTED_EDGE('',*,*,#1180,.F.);
#1598=ORIENTED_EDGE('',*,*,#1148,.T.);
#1599=ORIENTED_EDGE('',*,*,#1185,.T.);
#1600=ORIENTED_EDGE('',*,*,#1186,.F.);
#1601=ORIENTED_EDGE('',*,*,#1183,.F.);
#1602=ORIENTED_EDGE('',*,*,#1147,.T.);
#1603=ORIENTED_EDGE('',*,*,#1187,.T.);
#1604=ORIENTED_EDGE('',*,*,#1188,.F.);
#1605=ORIENTED_EDGE('',*,*,#1185,.F.);
#1606=ORIENTED_EDGE('',*,*,#1146,.T.);
#1607=ORIENTED_EDGE('',*,*,#1189,.T.);
#1608=ORIENTED_EDGE('',*,*,#1190,.F.);
#1609=ORIENTED_EDGE('',*,*,#1187,.F.);
#1610=ORIENTED_EDGE('',*,*,#1145,.T.);
#1611=ORIENTED_EDGE('',*,*,#1191,.T.);
#1612=ORIENTED_EDGE('',*,*,#1192,.F.);
#1613=ORIENTED_EDGE('',*,*,#1189,.F.);
#1614=ORIENTED_EDGE('',*,*,#1144,.T.);
#1615=ORIENTED_EDGE('',*,*,#1193,.T.);
#1616=ORIENTED_EDGE('',*,*,#1194,.F.);
#1617=ORIENTED_EDGE('',*,*,#1191,.F.);
#1618=ORIENTED_EDGE('',*,*,#1195,.T.);
#1619=ORIENTED_EDGE('',*,*,#1196,.F.);
#1620=ORIENTED_EDGE('',*,*,#1193,.F.);
#1621=ORIENTED_EDGE('',*,*,#1143,.T.);
#1622=ORIENTED_EDGE('',*,*,#1197,.F.);
#1623=ORIENTED_EDGE('',*,*,#1198,.T.);
#1624=ORIENTED_EDGE('',*,*,#1199,.T.);
#1625=ORIENTED_EDGE('',*,*,#1200,.T.);
#1626=ORIENTED_EDGE('',*,*,#1141,.F.);
#1627=ORIENTED_EDGE('',*,*,#1156,.T.);
#1628=ORIENTED_EDGE('',*,*,#1201,.F.);
#1629=ORIENTED_EDGE('',*,*,#1195,.F.);
#1630=ORIENTED_EDGE('',*,*,#1142,.F.);
#1631=ORIENTED_EDGE('',*,*,#1200,.F.);
#1632=ORIENTED_EDGE('',*,*,#1199,.F.);
#1633=ORIENTED_EDGE('',*,*,#1198,.F.);
#1634=ORIENTED_EDGE('',*,*,#1202,.T.);
#1635=ORIENTED_EDGE('',*,*,#1151,.T.);
#1636=ORIENTED_EDGE('',*,*,#1182,.T.);
#1637=ORIENTED_EDGE('',*,*,#1203,.F.);
#1638=ORIENTED_EDGE('',*,*,#1204,.T.);
#1639=ORIENTED_EDGE('',*,*,#1205,.T.);
#1640=ORIENTED_EDGE('',*,*,#1203,.T.);
#1641=ORIENTED_EDGE('',*,*,#1181,.T.);
#1642=ORIENTED_EDGE('',*,*,#1184,.T.);
#1643=ORIENTED_EDGE('',*,*,#1186,.T.);
#1644=ORIENTED_EDGE('',*,*,#1188,.T.);
#1645=ORIENTED_EDGE('',*,*,#1190,.T.);
#1646=ORIENTED_EDGE('',*,*,#1192,.T.);
#1647=ORIENTED_EDGE('',*,*,#1194,.T.);
#1648=ORIENTED_EDGE('',*,*,#1196,.T.);
#1649=ORIENTED_EDGE('',*,*,#1201,.T.);
#1650=ORIENTED_EDGE('',*,*,#1197,.T.);
#1651=ORIENTED_EDGE('',*,*,#1155,.T.);
#1652=ORIENTED_EDGE('',*,*,#1159,.T.);
#1653=ORIENTED_EDGE('',*,*,#1206,.T.);
#1654=ORIENTED_EDGE('',*,*,#1207,.T.);
#1655=ORIENTED_EDGE('',*,*,#1163,.T.);
#1656=ORIENTED_EDGE('',*,*,#1165,.T.);
#1657=ORIENTED_EDGE('',*,*,#1167,.T.);
#1658=ORIENTED_EDGE('',*,*,#1169,.T.);
#1659=ORIENTED_EDGE('',*,*,#1171,.T.);
#1660=ORIENTED_EDGE('',*,*,#1173,.T.);
#1661=ORIENTED_EDGE('',*,*,#1175,.T.);
#1662=ORIENTED_EDGE('',*,*,#1177,.T.);
#1663=ORIENTED_EDGE('',*,*,#1179,.T.);
#1664=ORIENTED_EDGE('',*,*,#1202,.F.);
#1665=ORIENTED_EDGE('',*,*,#1205,.F.);
#1666=ORIENTED_EDGE('',*,*,#1208,.T.);
#1667=ORIENTED_EDGE('',*,*,#1152,.F.);
#1668=ORIENTED_EDGE('',*,*,#1209,.T.);
#1669=ORIENTED_EDGE('',*,*,#1210,.T.);
#1670=ORIENTED_EDGE('',*,*,#1211,.T.);
#1671=ORIENTED_EDGE('',*,*,#1212,.T.);
#1672=ORIENTED_EDGE('',*,*,#1213,.T.);
#1673=ORIENTED_EDGE('',*,*,#1214,.T.);
#1674=ORIENTED_EDGE('',*,*,#1178,.F.);
#1675=ORIENTED_EDGE('',*,*,#1153,.F.);
#1676=ORIENTED_EDGE('',*,*,#1208,.F.);
#1677=ORIENTED_EDGE('',*,*,#1204,.F.);
#1678=ORIENTED_EDGE('',*,*,#1215,.T.);
#1679=ORIENTED_EDGE('',*,*,#1216,.T.);
#1680=ORIENTED_EDGE('',*,*,#1217,.T.);
#1681=ORIENTED_EDGE('',*,*,#1218,.T.);
#1682=ORIENTED_EDGE('',*,*,#1219,.T.);
#1683=ORIENTED_EDGE('',*,*,#1220,.T.);
#1684=ORIENTED_EDGE('',*,*,#1207,.F.);
#1685=ORIENTED_EDGE('',*,*,#1221,.T.);
#1686=ORIENTED_EDGE('',*,*,#1137,.F.);
#1687=ORIENTED_EDGE('',*,*,#1161,.F.);
#1688=ORIENTED_EDGE('',*,*,#1206,.F.);
#1689=ORIENTED_EDGE('',*,*,#1158,.T.);
#1690=ORIENTED_EDGE('',*,*,#1138,.F.);
#1691=ORIENTED_EDGE('',*,*,#1221,.F.);
#1692=ORIENTED_EDGE('',*,*,#1222,.T.);
#1693=ORIENTED_EDGE('',*,*,#1223,.T.);
#1694=ORIENTED_EDGE('',*,*,#1224,.T.);
#1695=ORIENTED_EDGE('',*,*,#1223,.F.);
#1696=ORIENTED_EDGE('',*,*,#1160,.F.);
#1697=ORIENTED_EDGE('',*,*,#1225,.T.);
#1698=ORIENTED_EDGE('',*,*,#1226,.F.);
#1699=ORIENTED_EDGE('',*,*,#1225,.F.);
#1700=ORIENTED_EDGE('',*,*,#1226,.T.);
#1701=ORIENTED_EDGE('',*,*,#1222,.F.);
#1702=ORIENTED_EDGE('',*,*,#1227,.T.);
#1703=ORIENTED_EDGE('',*,*,#1228,.T.);
#1704=ORIENTED_EDGE('',*,*,#1229,.T.);
#1705=ORIENTED_EDGE('',*,*,#1228,.F.);
#1706=ORIENTED_EDGE('',*,*,#1157,.F.);
#1707=ORIENTED_EDGE('',*,*,#1230,.T.);
#1708=ORIENTED_EDGE('',*,*,#1231,.F.);
#1709=ORIENTED_EDGE('',*,*,#1230,.F.);
#1710=ORIENTED_EDGE('',*,*,#1231,.T.);
#1711=ORIENTED_EDGE('',*,*,#1227,.F.);
#1712=ORIENTED_EDGE('',*,*,#1232,.F.);
#1713=ORIENTED_EDGE('',*,*,#1233,.F.);
#1714=ORIENTED_EDGE('',*,*,#1234,.F.);
#1715=ORIENTED_EDGE('',*,*,#1235,.F.);
#1716=ORIENTED_EDGE('',*,*,#1236,.F.);
#1717=ORIENTED_EDGE('',*,*,#1237,.F.);
#1718=ORIENTED_EDGE('',*,*,#1229,.F.);
#1719=ORIENTED_EDGE('',*,*,#1210,.F.);
#1720=ORIENTED_EDGE('',*,*,#1238,.T.);
#1721=ORIENTED_EDGE('',*,*,#1232,.T.);
#1722=ORIENTED_EDGE('',*,*,#1239,.F.);
#1723=ORIENTED_EDGE('',*,*,#1211,.F.);
#1724=ORIENTED_EDGE('',*,*,#1239,.T.);
#1725=ORIENTED_EDGE('',*,*,#1237,.T.);
#1726=ORIENTED_EDGE('',*,*,#1240,.F.);
#1727=ORIENTED_EDGE('',*,*,#1212,.F.);
#1728=ORIENTED_EDGE('',*,*,#1240,.T.);
#1729=ORIENTED_EDGE('',*,*,#1236,.T.);
#1730=ORIENTED_EDGE('',*,*,#1241,.F.);
#1731=ORIENTED_EDGE('',*,*,#1213,.F.);
#1732=ORIENTED_EDGE('',*,*,#1241,.T.);
#1733=ORIENTED_EDGE('',*,*,#1235,.T.);
#1734=ORIENTED_EDGE('',*,*,#1242,.F.);
#1735=ORIENTED_EDGE('',*,*,#1214,.F.);
#1736=ORIENTED_EDGE('',*,*,#1242,.T.);
#1737=ORIENTED_EDGE('',*,*,#1234,.T.);
#1738=ORIENTED_EDGE('',*,*,#1243,.F.);
#1739=ORIENTED_EDGE('',*,*,#1209,.F.);
#1740=ORIENTED_EDGE('',*,*,#1243,.T.);
#1741=ORIENTED_EDGE('',*,*,#1233,.T.);
#1742=ORIENTED_EDGE('',*,*,#1238,.F.);
#1743=ORIENTED_EDGE('',*,*,#1244,.F.);
#1744=ORIENTED_EDGE('',*,*,#1245,.F.);
#1745=ORIENTED_EDGE('',*,*,#1246,.F.);
#1746=ORIENTED_EDGE('',*,*,#1247,.F.);
#1747=ORIENTED_EDGE('',*,*,#1248,.F.);
#1748=ORIENTED_EDGE('',*,*,#1249,.F.);
#1749=ORIENTED_EDGE('',*,*,#1224,.F.);
#1750=ORIENTED_EDGE('',*,*,#1216,.F.);
#1751=ORIENTED_EDGE('',*,*,#1250,.T.);
#1752=ORIENTED_EDGE('',*,*,#1244,.T.);
#1753=ORIENTED_EDGE('',*,*,#1251,.F.);
#1754=ORIENTED_EDGE('',*,*,#1217,.F.);
#1755=ORIENTED_EDGE('',*,*,#1251,.T.);
#1756=ORIENTED_EDGE('',*,*,#1249,.T.);
#1757=ORIENTED_EDGE('',*,*,#1252,.F.);
#1758=ORIENTED_EDGE('',*,*,#1218,.F.);
#1759=ORIENTED_EDGE('',*,*,#1252,.T.);
#1760=ORIENTED_EDGE('',*,*,#1248,.T.);
#1761=ORIENTED_EDGE('',*,*,#1253,.F.);
#1762=ORIENTED_EDGE('',*,*,#1219,.F.);
#1763=ORIENTED_EDGE('',*,*,#1253,.T.);
#1764=ORIENTED_EDGE('',*,*,#1247,.T.);
#1765=ORIENTED_EDGE('',*,*,#1254,.F.);
#1766=ORIENTED_EDGE('',*,*,#1220,.F.);
#1767=ORIENTED_EDGE('',*,*,#1254,.T.);
#1768=ORIENTED_EDGE('',*,*,#1246,.T.);
#1769=ORIENTED_EDGE('',*,*,#1255,.F.);
#1770=ORIENTED_EDGE('',*,*,#1215,.F.);
#1771=ORIENTED_EDGE('',*,*,#1255,.T.);
#1772=ORIENTED_EDGE('',*,*,#1245,.T.);
#1773=ORIENTED_EDGE('',*,*,#1250,.F.);
#1774=PLANE('',#1984);
#1775=PLANE('',#1985);
#1776=PLANE('',#1986);
#1777=PLANE('',#1987);
#1778=PLANE('',#1988);
#1779=PLANE('',#1989);
#1780=PLANE('',#1990);
#1781=PLANE('',#1991);
#1782=PLANE('',#1995);
#1783=PLANE('',#2000);
#1784=PLANE('',#2005);
#1785=PLANE('',#2010);
#1786=PLANE('',#2020);
#1787=PLANE('',#2021);
#1788=PLANE('',#2022);
#1789=PLANE('',#2023);
#1790=PLANE('',#2024);
#1791=PLANE('',#2025);
#1792=PLANE('',#2026);
#1793=PLANE('',#2027);
#1794=PLANE('',#2028);
#1795=PLANE('',#2029);
#1796=PLANE('',#2030);
#1797=PLANE('',#2031);
#1798=PLANE('',#2032);
#1799=PLANE('',#2033);
#1800=PLANE('',#2034);
#1801=PLANE('',#2035);
#1802=PLANE('',#2036);
#1803=PLANE('',#2037);
#1804=PLANE('',#2038);
#1805=PLANE('',#2039);
#1806=PLANE('',#2040);
#1807=PLANE('',#2041);
#1808=PLANE('',#2042);
#1809=PLANE('',#2043);
#1810=PLANE('',#2044);
#1811=PLANE('',#2045);
#1812=PLANE('',#2046);
#1813=PLANE('',#2047);
#1814=PLANE('',#2048);
#1815=PLANE('',#2049);
#1816=PLANE('',#2050);
#1817=PLANE('',#2051);
#1818=PLANE('',#2052);
#1819=PLANE('',#2054);
#1820=PLANE('',#2056);
#1821=PLANE('',#2057);
#1822=PLANE('',#2058);
#1823=PLANE('',#2059);
#1824=PLANE('',#2060);
#1825=PLANE('',#2061);
#1826=PLANE('',#2062);
#1827=PLANE('',#2063);
#1828=PLANE('',#2064);
#1829=PLANE('',#2065);
#1830=PLANE('',#2066);
#1831=PLANE('',#2067);
#1832=PLANE('',#2068);
#1833=PLANE('',#2069);
#1834=PLANE('',#2070);
#1835=PLANE('',#2071);
#1836=PLANE('',#2072);
#1837=PLANE('',#2073);
#1838=PLANE('',#2074);
#1839=PLANE('',#2075);
#1840=PLANE('',#2076);
#1841=PLANE('',#2077);
#1842=PLANE('',#2078);
#1843=PLANE('',#2079);
#1844=PLANE('',#2080);
#1845=PLANE('',#2086);
#1846=PLANE('',#2092);
#1847=PLANE('',#2093);
#1848=PLANE('',#2094);
#1849=PLANE('',#2095);
#1850=PLANE('',#2096);
#1851=PLANE('',#2097);
#1852=PLANE('',#2098);
#1853=PLANE('',#2099);
#1854=PLANE('',#2100);
#1855=PLANE('',#2101);
#1856=PLANE('',#2102);
#1857=PLANE('',#2103);
#1858=PLANE('',#2104);
#1859=PLANE('',#2105);
#1860=PLANE('',#2106);
#1861=ADVANCED_FACE('',(#137),#1774,.T.);
#1862=ADVANCED_FACE('',(#138),#1775,.T.);
#1863=ADVANCED_FACE('',(#139),#1776,.T.);
#1864=ADVANCED_FACE('',(#140),#1777,.T.);
#1865=ADVANCED_FACE('',(#141),#1778,.T.);
#1866=ADVANCED_FACE('',(#142),#1779,.T.);
#1867=ADVANCED_FACE('',(#143),#1780,.T.);
#1868=ADVANCED_FACE('',(#144),#1781,.T.);
#1869=ADVANCED_FACE('',(#145),#65,.F.);
#1870=ADVANCED_FACE('',(#146,#21),#1782,.T.);
#1871=ADVANCED_FACE('',(#147),#66,.F.);
#1872=ADVANCED_FACE('',(#148,#22),#1783,.T.);
#1873=ADVANCED_FACE('',(#149),#67,.F.);
#1874=ADVANCED_FACE('',(#150,#23),#1784,.T.);
#1875=ADVANCED_FACE('',(#151),#68,.F.);
#1876=ADVANCED_FACE('',(#152,#24),#1785,.T.);
#1877=ADVANCED_FACE('',(#153),#69,.F.);
#1878=ADVANCED_FACE('',(#154),#70,.F.);
#1879=ADVANCED_FACE('',(#155),#71,.F.);
#1880=ADVANCED_FACE('',(#156),#72,.F.);
#1881=ADVANCED_FACE('',(#157),#1786,.F.);
#1882=ADVANCED_FACE('',(#158),#1787,.F.);
#1883=ADVANCED_FACE('',(#159),#1788,.F.);
#1884=ADVANCED_FACE('',(#160),#1789,.T.);
#1885=ADVANCED_FACE('',(#161),#1790,.T.);
#1886=ADVANCED_FACE('',(#162),#1791,.T.);
#1887=ADVANCED_FACE('',(#163),#1792,.T.);
#1888=ADVANCED_FACE('',(#164),#1793,.T.);
#1889=ADVANCED_FACE('',(#165),#1794,.T.);
#1890=ADVANCED_FACE('',(#166),#1795,.T.);
#1891=ADVANCED_FACE('',(#167),#1796,.F.);
#1892=ADVANCED_FACE('',(#168),#1797,.T.);
#1893=ADVANCED_FACE('',(#169),#1798,.T.);
#1894=ADVANCED_FACE('',(#170),#1799,.T.);
#1895=ADVANCED_FACE('',(#171,#25,#26,#27,#28),#1800,.T.);
#1896=ADVANCED_FACE('',(#172),#1801,.T.);
#1897=ADVANCED_FACE('',(#173),#1802,.T.);
#1898=ADVANCED_FACE('',(#174),#1803,.T.);
#1899=ADVANCED_FACE('',(#175),#1804,.T.);
#1900=ADVANCED_FACE('',(#176),#1805,.T.);
#1901=ADVANCED_FACE('',(#177),#1806,.T.);
#1902=ADVANCED_FACE('',(#178),#1807,.T.);
#1903=ADVANCED_FACE('',(#179,#29,#30,#31,#32),#1808,.T.);
#1904=ADVANCED_FACE('',(#180),#1809,.T.);
#1905=ADVANCED_FACE('',(#181),#1810,.T.);
#1906=ADVANCED_FACE('',(#182),#1811,.T.);
#1907=ADVANCED_FACE('',(#183),#1812,.T.);
#1908=ADVANCED_FACE('',(#184),#1813,.T.);
#1909=ADVANCED_FACE('',(#185),#1814,.T.);
#1910=ADVANCED_FACE('',(#186),#1815,.T.);
#1911=ADVANCED_FACE('',(#187),#1816,.T.);
#1912=ADVANCED_FACE('',(#188),#1817,.F.);
#1913=ADVANCED_FACE('',(#189,#33),#1818,.T.);
#1914=ADVANCED_FACE('',(#190,#34),#1819,.T.);
#1915=ADVANCED_FACE('',(#191),#1820,.T.);
#1916=ADVANCED_FACE('',(#192),#1821,.T.);
#1917=ADVANCED_FACE('',(#193),#1822,.T.);
#1918=ADVANCED_FACE('',(#194),#1823,.T.);
#1919=ADVANCED_FACE('',(#195),#1824,.T.);
#1920=ADVANCED_FACE('',(#196),#1825,.T.);
#1921=ADVANCED_FACE('',(#197),#1826,.T.);
#1922=ADVANCED_FACE('',(#198),#1827,.T.);
#1923=ADVANCED_FACE('',(#199),#1828,.T.);
#1924=ADVANCED_FACE('',(#200),#1829,.T.);
#1925=ADVANCED_FACE('',(#201),#1830,.T.);
#1926=ADVANCED_FACE('',(#202),#1831,.T.);
#1927=ADVANCED_FACE('',(#203),#1832,.T.);
#1928=ADVANCED_FACE('',(#204),#1833,.T.);
#1929=ADVANCED_FACE('',(#205),#1834,.T.);
#1930=ADVANCED_FACE('',(#206),#1835,.T.);
#1931=ADVANCED_FACE('',(#207),#1836,.T.);
#1932=ADVANCED_FACE('',(#208),#1837,.T.);
#1933=ADVANCED_FACE('',(#209),#1838,.T.);
#1934=ADVANCED_FACE('',(#210),#1839,.T.);
#1935=ADVANCED_FACE('',(#211),#1840,.T.);
#1936=ADVANCED_FACE('',(#212,#35),#1841,.T.);
#1937=ADVANCED_FACE('',(#213,#36),#1842,.T.);
#1938=ADVANCED_FACE('',(#214),#1843,.T.);
#1939=ADVANCED_FACE('',(#215),#1844,.T.);
#1940=ADVANCED_FACE('',(#216),#73,.F.);
#1941=ADVANCED_FACE('',(#217),#74,.F.);
#1942=ADVANCED_FACE('',(#218,#37),#1845,.T.);
#1943=ADVANCED_FACE('',(#219),#75,.F.);
#1944=ADVANCED_FACE('',(#220),#76,.F.);
#1945=ADVANCED_FACE('',(#221,#38),#1846,.T.);
#1946=ADVANCED_FACE('',(#222,#39),#1847,.F.);
#1947=ADVANCED_FACE('',(#223),#1848,.F.);
#1948=ADVANCED_FACE('',(#224),#1849,.F.);
#1949=ADVANCED_FACE('',(#225),#1850,.F.);
#1950=ADVANCED_FACE('',(#226),#1851,.F.);
#1951=ADVANCED_FACE('',(#227),#1852,.F.);
#1952=ADVANCED_FACE('',(#228),#1853,.F.);
#1953=ADVANCED_FACE('',(#229,#40),#1854,.F.);
#1954=ADVANCED_FACE('',(#230),#1855,.F.);
#1955=ADVANCED_FACE('',(#231),#1856,.F.);
#1956=ADVANCED_FACE('',(#232),#1857,.F.);
#1957=ADVANCED_FACE('',(#233),#1858,.F.);
#1958=ADVANCED_FACE('',(#234),#1859,.F.);
#1959=ADVANCED_FACE('',(#235),#1860,.F.);
#1960=CLOSED_SHELL('',(#1861,#1862,#1863,#1864,#1865,#1866,#1867,#1868,
#1869,#1870,#1871,#1872,#1873,#1874,#1875,#1876,#1877,#1878,#1879,#1880,
#1881,#1882,#1883,#1884,#1885,#1886,#1887,#1888,#1889,#1890,#1891,#1892,
#1893,#1894,#1895,#1896,#1897,#1898,#1899,#1900,#1901,#1902,#1903,#1904,
#1905,#1906,#1907,#1908,#1909,#1910,#1911));
#1961=CLOSED_SHELL('',(#1912,#1913,#1914,#1915,#1916,#1917,#1918,#1919,
#1920,#1921,#1922,#1923,#1924,#1925,#1926,#1927,#1928,#1929,#1930,#1931,
#1932,#1933,#1934,#1935,#1936,#1937,#1938,#1939,#1940,#1941,#1942,#1943,
#1944,#1945,#1946,#1947,#1948,#1949,#1950,#1951,#1952,#1953,#1954,#1955,
#1956,#1957,#1958,#1959));
#1962=DERIVED_UNIT_ELEMENT(#1965,1.);
#1963=DERIVED_UNIT_ELEMENT(#3130,-3.);
#1964=DIMENSIONAL_EXPONENTS(0.,1.,0.,0.,0.,0.,0.);
#1965=(
CONVERSION_BASED_UNIT('gram',#1967)
MASS_UNIT()
NAMED_UNIT(#1964)
);
#1966=(
MASS_UNIT()
NAMED_UNIT(*)
SI_UNIT(.KILO.,.GRAM.)
);
#1967=MASS_MEASURE_WITH_UNIT(MASS_MEASURE(0.001),#1966);
#1968=DERIVED_UNIT((#1962,#1963));
#1969=MEASURE_REPRESENTATION_ITEM('density measure',
POSITIVE_RATIO_MEASURE(1.06),#1968);
#1970=PROPERTY_DEFINITION_REPRESENTATION(#1975,#1972);
#1971=PROPERTY_DEFINITION_REPRESENTATION(#1976,#1973);
#1972=REPRESENTATION('material name',(#1974),#3127);
#1973=REPRESENTATION('density',(#1969),#3127);
#1974=DESCRIPTIVE_REPRESENTATION_ITEM('ABS Plastic','ABS Plastic');
#1975=PROPERTY_DEFINITION('material property','material name',#3137);
#1976=PROPERTY_DEFINITION('material property','density of part',#3137);
#1977=DATE_TIME_ROLE('creation_date');
#1978=APPLIED_DATE_AND_TIME_ASSIGNMENT(#1979,#1977,(#3137));
#1979=DATE_AND_TIME(#1980,#1981);
#1980=CALENDAR_DATE(2026,11,2);
#1981=LOCAL_TIME(0,0,0.,#1982);
#1982=COORDINATED_UNIVERSAL_TIME_OFFSET(0,0,.BEHIND.);
#1983=AXIS2_PLACEMENT_3D('',#2590,#2107,#2108);
#1984=AXIS2_PLACEMENT_3D('',#2591,#2109,#2110);
#1985=AXIS2_PLACEMENT_3D('',#2600,#2115,#2116);
#1986=AXIS2_PLACEMENT_3D('',#2604,#2119,#2120);
#1987=AXIS2_PLACEMENT_3D('',#2616,#2127,#2128);
#1988=AXIS2_PLACEMENT_3D('',#2625,#2133,#2134);
#1989=AXIS2_PLACEMENT_3D('',#2629,#2137,#2138);
#1990=AXIS2_PLACEMENT_3D('',#2657,#2153,#2154);
#1991=AXIS2_PLACEMENT_3D('',#2664,#2158,#2159);
#1992=AXIS2_PLACEMENT_3D('',#2670,#2163,#2164);
#1993=AXIS2_PLACEMENT_3D('',#2672,#2165,#2166);
#1994=AXIS2_PLACEMENT_3D('',#2675,#2168,#2169);
#1995=AXIS2_PLACEMENT_3D('',#2676,#2170,#2171);
#1996=AXIS2_PLACEMENT_3D('',#2678,#2172,#2173);
#1997=AXIS2_PLACEMENT_3D('',#2679,#2174,#2175);
#1998=AXIS2_PLACEMENT_3D('',#2681,#2176,#2177);
#1999=AXIS2_PLACEMENT_3D('',#2684,#2179,#2180);
#2000=AXIS2_PLACEMENT_3D('',#2685,#2181,#2182);
#2001=AXIS2_PLACEMENT_3D('',#2687,#2183,#2184);
#2002=AXIS2_PLACEMENT_3D('',#2688,#2185,#2186);
#2003=AXIS2_PLACEMENT_3D('',#2690,#2187,#2188);
#2004=AXIS2_PLACEMENT_3D('',#2693,#2190,#2191);
#2005=AXIS2_PLACEMENT_3D('',#2694,#2192,#2193);
#2006=AXIS2_PLACEMENT_3D('',#2696,#2194,#2195);
#2007=AXIS2_PLACEMENT_3D('',#2697,#2196,#2197);
#2008=AXIS2_PLACEMENT_3D('',#2699,#2198,#2199);
#2009=AXIS2_PLACEMENT_3D('',#2702,#2201,#2202);
#2010=AXIS2_PLACEMENT_3D('',#2703,#2203,#2204);
#2011=AXIS2_PLACEMENT_3D('',#2705,#2205,#2206);
#2012=AXIS2_PLACEMENT_3D('',#2706,#2207,#2208);
#2013=AXIS2_PLACEMENT_3D('',#2708,#2209,#2210);
#2014=AXIS2_PLACEMENT_3D('',#2710,#2212,#2213);
#2015=AXIS2_PLACEMENT_3D('',#2712,#2214,#2215);
#2016=AXIS2_PLACEMENT_3D('',#2714,#2217,#2218);
#2017=AXIS2_PLACEMENT_3D('',#2716,#2219,#2220);
#2018=AXIS2_PLACEMENT_3D('',#2718,#2222,#2223);
#2019=AXIS2_PLACEMENT_3D('',#2720,#2224,#2225);
#2020=AXIS2_PLACEMENT_3D('',#2722,#2227,#2228);
#2021=AXIS2_PLACEMENT_3D('',#2731,#2233,#2234);
#2022=AXIS2_PLACEMENT_3D('',#2737,#2238,#2239);
#2023=AXIS2_PLACEMENT_3D('',#2743,#2243,#2244);
#2024=AXIS2_PLACEMENT_3D('',#2767,#2259,#2260);
#2025=AXIS2_PLACEMENT_3D('',#2774,#2264,#2265);
#2026=AXIS2_PLACEMENT_3D('',#2780,#2269,#2270);
#2027=AXIS2_PLACEMENT_3D('',#2784,#2273,#2274);
#2028=AXIS2_PLACEMENT_3D('',#2786,#2276,#2277);
#2029=AXIS2_PLACEMENT_3D('',#2793,#2282,#2283);
#2030=AXIS2_PLACEMENT_3D('',#2796,#2286,#2287);
#2031=AXIS2_PLACEMENT_3D('',#2798,#2289,#2290);
#2032=AXIS2_PLACEMENT_3D('',#2810,#2298,#2299);
#2033=AXIS2_PLACEMENT_3D('',#2812,#2301,#2302);
#2034=AXIS2_PLACEMENT_3D('',#2818,#2306,#2307);
#2035=AXIS2_PLACEMENT_3D('',#2819,#2308,#2309);
#2036=AXIS2_PLACEMENT_3D('',#2825,#2313,#2314);
#2037=AXIS2_PLACEMENT_3D('',#2827,#2316,#2317);
#2038=AXIS2_PLACEMENT_3D('',#2829,#2319,#2320);
#2039=AXIS2_PLACEMENT_3D('',#2830,#2321,#2322);
#2040=AXIS2_PLACEMENT_3D('',#2836,#2326,#2327);
#2041=AXIS2_PLACEMENT_3D('',#2838,#2329,#2330);
#2042=AXIS2_PLACEMENT_3D('',#2840,#2332,#2333);
#2043=AXIS2_PLACEMENT_3D('',#2841,#2334,#2335);
#2044=AXIS2_PLACEMENT_3D('',#2843,#2337,#2338);
#2045=AXIS2_PLACEMENT_3D('',#2844,#2339,#2340);
#2046=AXIS2_PLACEMENT_3D('',#2846,#2342,#2343);
#2047=AXIS2_PLACEMENT_3D('',#2848,#2345,#2346);
#2048=AXIS2_PLACEMENT_3D('',#2854,#2350,#2351);
#2049=AXIS2_PLACEMENT_3D('',#2857,#2354,#2355);
#2050=AXIS2_PLACEMENT_3D('',#2858,#2356,#2357);
#2051=AXIS2_PLACEMENT_3D('',#2859,#2358,#2359);
#2052=AXIS2_PLACEMENT_3D('',#2912,#2386,#2387);
#2053=AXIS2_PLACEMENT_3D('',#2919,#2391,#2392);
#2054=AXIS2_PLACEMENT_3D('',#2920,#2393,#2394);
#2055=AXIS2_PLACEMENT_3D('',#2925,#2397,#2398);
#2056=AXIS2_PLACEMENT_3D('',#2926,#2399,#2400);
#2057=AXIS2_PLACEMENT_3D('',#2932,#2404,#2405);
#2058=AXIS2_PLACEMENT_3D('',#2936,#2408,#2409);
#2059=AXIS2_PLACEMENT_3D('',#2940,#2412,#2413);
#2060=AXIS2_PLACEMENT_3D('',#2944,#2416,#2417);
#2061=AXIS2_PLACEMENT_3D('',#2948,#2420,#2421);
#2062=AXIS2_PLACEMENT_3D('',#2952,#2424,#2425);
#2063=AXIS2_PLACEMENT_3D('',#2956,#2428,#2429);
#2064=AXIS2_PLACEMENT_3D('',#2960,#2432,#2433);
#2065=AXIS2_PLACEMENT_3D('',#2964,#2436,#2437);
#2066=AXIS2_PLACEMENT_3D('',#2970,#2441,#2442);
#2067=AXIS2_PLACEMENT_3D('',#2974,#2445,#2446);
#2068=AXIS2_PLACEMENT_3D('',#2978,#2449,#2450);
#2069=AXIS2_PLACEMENT_3D('',#2982,#2453,#2454);
#2070=AXIS2_PLACEMENT_3D('',#2986,#2457,#2458);
#2071=AXIS2_PLACEMENT_3D('',#2990,#2461,#2462);
#2072=AXIS2_PLACEMENT_3D('',#2994,#2465,#2466);
#2073=AXIS2_PLACEMENT_3D('',#2998,#2469,#2470);
#2074=AXIS2_PLACEMENT_3D('',#3006,#2475,#2476);
#2075=AXIS2_PLACEMENT_3D('',#3008,#2478,#2479);
#2076=AXIS2_PLACEMENT_3D('',#3012,#2482,#2483);
#2077=AXIS2_PLACEMENT_3D('',#3019,#2488,#2489);
#2078=AXIS2_PLACEMENT_3D('',#3033,#2497,#2498);
#2079=AXIS2_PLACEMENT_3D('',#3046,#2505,#2506);
#2080=AXIS2_PLACEMENT_3D('',#3048,#2508,#2509);
#2081=AXIS2_PLACEMENT_3D('',#3049,#2510,#2511);
#2082=AXIS2_PLACEMENT_3D('',#3051,#2512,#2513);
#2083=AXIS2_PLACEMENT_3D('',#3054,#2515,#2516);
#2084=AXIS2_PLACEMENT_3D('',#3055,#2517,#2518);
#2085=AXIS2_PLACEMENT_3D('',#3058,#2520,#2521);
#2086=AXIS2_PLACEMENT_3D('',#3059,#2522,#2523);
#2087=AXIS2_PLACEMENT_3D('',#3060,#2524,#2525);
#2088=AXIS2_PLACEMENT_3D('',#3062,#2526,#2527);
#2089=AXIS2_PLACEMENT_3D('',#3065,#2529,#2530);
#2090=AXIS2_PLACEMENT_3D('',#3066,#2531,#2532);
#2091=AXIS2_PLACEMENT_3D('',#3069,#2534,#2535);
#2092=AXIS2_PLACEMENT_3D('',#3070,#2536,#2537);
#2093=AXIS2_PLACEMENT_3D('',#3071,#2538,#2539);
#2094=AXIS2_PLACEMENT_3D('',#3084,#2546,#2547);
#2095=AXIS2_PLACEMENT_3D('',#3087,#2550,#2551);
#2096=AXIS2_PLACEMENT_3D('',#3089,#2553,#2554);
#2097=AXIS2_PLACEMENT_3D('',#3091,#2556,#2557);
#2098=AXIS2_PLACEMENT_3D('',#3093,#2559,#2560);
#2099=AXIS2_PLACEMENT_3D('',#3095,#2562,#2563);
#2100=AXIS2_PLACEMENT_3D('',#3096,#2564,#2565);
#2101=AXIS2_PLACEMENT_3D('',#3109,#2572,#2573);
#2102=AXIS2_PLACEMENT_3D('',#3112,#2576,#2577);
#2103=AXIS2_PLACEMENT_3D('',#3114,#2579,#2580);
#2104=AXIS2_PLACEMENT_3D('',#3116,#2582,#2583);
#2105=AXIS2_PLACEMENT_3D('',#3118,#2585,#2586);
#2106=AXIS2_PLACEMENT_3D('',#3120,#2588,#2589);
#2107=DIRECTION('axis',(0.,0.,1.));
#2108=DIRECTION('refdir',(1.,0.,0.));
#2109=DIRECTION('center_axis',(0.499993462770126,-0.707106781186548,-0.500006537144404));
#2110=DIRECTION('ref_axis',(-0.499993462770126,-0.707106781186548,0.500006537144404));
#2111=DIRECTION('',(-0.707116026104823,0.,-0.7070975361474));
#2112=DIRECTION('',(0.499993462770126,0.707106781186548,-0.500006537144404));
#2113=DIRECTION('',(0.707125270835756,1.30743657480581E-5,0.707088290932978));
#2114=DIRECTION('',(-0.499993462770126,-0.707106781186548,0.500006537144404));
#2115=DIRECTION('center_axis',(-0.707116026104823,0.,-0.7070975361474));
#2116=DIRECTION('ref_axis',(-0.7070975361474,0.,0.707116026104823));
#2117=DIRECTION('',(-0.7070975361474,0.,0.707116026104823));
#2118=DIRECTION('',(0.,-1.,0.));
#2119=DIRECTION('center_axis',(0.707088290993412,0.,-0.707125270896194));
#2120=DIRECTION('ref_axis',(0.707125270896194,0.,0.707088290993412));
#2121=DIRECTION('',(0.,1.,0.));
#2122=DIRECTION('',(0.707125270896194,0.,0.707088290993412));
#2123=DIRECTION('',(0.,-1.,0.));
#2124=DIRECTION('',(0.707125270896194,0.,0.707088290993412));
#2125=DIRECTION('',(0.,-1.,0.));
#2126=DIRECTION('',(0.707125270896194,0.,0.707088290993412));
#2127=DIRECTION('center_axis',(0.499993462769315,0.707106781187696,-0.500006537143592));
#2128=DIRECTION('ref_axis',(0.499993462770938,-0.7071067811854,-0.500006537145216));
#2129=DIRECTION('',(-0.707125270835756,1.30743657479583E-5,-0.707088290932978));
#2130=DIRECTION('',(-0.499993462770938,0.7071067811854,0.500006537145216));
#2131=DIRECTION('',(0.707116026104823,0.,0.7070975361474));
#2132=DIRECTION('',(0.499993462770938,-0.7071067811854,-0.500006537145216));
#2133=DIRECTION('center_axis',(-0.707116026104823,0.,-0.7070975361474));
#2134=DIRECTION('ref_axis',(-0.7070975361474,0.,0.707116026104823));
#2135=DIRECTION('',(0.,-1.,0.));
#2136=DIRECTION('',(0.7070975361474,0.,-0.707116026104823));
#2137=DIRECTION('center_axis',(0.,1.,0.));
#2138=DIRECTION('ref_axis',(0.,0.,1.));
#2139=DIRECTION('',(-0.7070975361474,0.,0.707116026104823));
#2140=DIRECTION('',(-0.707125270896194,0.,-0.707088290993412));
#2141=DIRECTION('',(0.707106781186547,0.,-0.707106781186548));
#2142=DIRECTION('',(-0.707106781186548,0.,-0.707106781186547));
#2143=DIRECTION('',(0.707106781186547,0.,-0.707106781186548));
#2144=DIRECTION('',(-0.707106781186547,0.,-0.707106781186548));
#2145=DIRECTION('',(-0.707106781186547,0.,0.707106781186548));
#2146=DIRECTION('',(0.707106781186549,0.,0.707106781186546));
#2147=DIRECTION('',(0.707106781186546,0.,-0.707106781186549));
#2148=DIRECTION('',(0.707106781186548,0.,0.707106781186547));
#2149=DIRECTION('',(-0.707106781186546,0.,0.707106781186549));
#2150=DIRECTION('',(0.707106781186485,0.,0.70710678118661));
#2151=DIRECTION('',(-0.707088290993412,0.,0.707125270896194));
#2152=DIRECTION('',(-0.707125270896194,0.,-0.707088290993412));
#2153=DIRECTION('center_axis',(0.,-1.,0.));
#2154=DIRECTION('ref_axis',(0.,0.,-1.));
#2155=DIRECTION('',(-0.707106781186549,0.,-0.707106781186546));
#2156=DIRECTION('',(0.707088290993412,0.,-0.707125270896194));
#2157=DIRECTION('',(-1.8512043712434E-16,0.,-1.));
#2158=DIRECTION('center_axis',(-1.,0.,1.8512043712434E-16));
#2159=DIRECTION('ref_axis',(-1.8512043712434E-16,0.,-1.));
#2160=DIRECTION('',(0.,1.,0.));
#2161=DIRECTION('',(0.,-1.,0.));
#2162=DIRECTION('',(1.8512043712434E-16,0.,1.));
#2163=DIRECTION('center_axis',(0.,1.,0.));
#2164=DIRECTION('ref_axis',(1.,0.,0.));
#2165=DIRECTION('center_axis',(0.,1.,0.));
#2166=DIRECTION('ref_axis',(1.,0.,0.));
#2167=DIRECTION('',(0.,1.,0.));
#2168=DIRECTION('center_axis',(0.,1.,0.));
#2169=DIRECTION('ref_axis',(1.,0.,0.));
#2170=DIRECTION('center_axis',(0.,-1.,0.));
#2171=DIRECTION('ref_axis',(0.,0.,-1.));
#2172=DIRECTION('center_axis',(0.,-1.,0.));
#2173=DIRECTION('ref_axis',(1.,0.,0.));
#2174=DIRECTION('center_axis',(0.,1.,0.));
#2175=DIRECTION('ref_axis',(1.,0.,0.));
#2176=DIRECTION('center_axis',(0.,1.,0.));
#2177=DIRECTION('ref_axis',(1.,0.,0.));
#2178=DIRECTION('',(0.,1.,0.));
#2179=DIRECTION('center_axis',(0.,1.,0.));
#2180=DIRECTION('ref_axis',(1.,0.,0.));
#2181=DIRECTION('center_axis',(0.,-1.,0.));
#2182=DIRECTION('ref_axis',(0.,0.,-1.));
#2183=DIRECTION('center_axis',(0.,-1.,0.));
#2184=DIRECTION('ref_axis',(1.,0.,0.));
#2185=DIRECTION('center_axis',(0.,1.,0.));
#2186=DIRECTION('ref_axis',(1.,0.,0.));
#2187=DIRECTION('center_axis',(0.,1.,0.));
#2188=DIRECTION('ref_axis',(1.,0.,0.));
#2189=DIRECTION('',(0.,1.,0.));
#2190=DIRECTION('center_axis',(0.,1.,0.));
#2191=DIRECTION('ref_axis',(1.,0.,0.));
#2192=DIRECTION('center_axis',(0.,-1.,0.));
#2193=DIRECTION('ref_axis',(0.,0.,-1.));
#2194=DIRECTION('center_axis',(0.,-1.,0.));
#2195=DIRECTION('ref_axis',(1.,0.,0.));
#2196=DIRECTION('center_axis',(0.,1.,0.));
#2197=DIRECTION('ref_axis',(1.,0.,0.));
#2198=DIRECTION('center_axis',(0.,1.,0.));
#2199=DIRECTION('ref_axis',(1.,0.,0.));
#2200=DIRECTION('',(0.,1.,0.));
#2201=DIRECTION('center_axis',(0.,1.,0.));
#2202=DIRECTION('ref_axis',(1.,0.,0.));
#2203=DIRECTION('center_axis',(0.,-1.,0.));
#2204=DIRECTION('ref_axis',(0.,0.,-1.));
#2205=DIRECTION('center_axis',(0.,-1.,0.));
#2206=DIRECTION('ref_axis',(1.,0.,0.));
#2207=DIRECTION('center_axis',(0.,-1.,0.));
#2208=DIRECTION('ref_axis',(1.,0.,0.));
#2209=DIRECTION('center_axis',(0.,-1.,0.));
#2210=DIRECTION('ref_axis',(1.,0.,0.));
#2211=DIRECTION('',(0.,-1.,0.));
#2212=DIRECTION('center_axis',(0.,-1.,0.));
#2213=DIRECTION('ref_axis',(1.,0.,0.));
#2214=DIRECTION('center_axis',(0.,-1.,0.));
#2215=DIRECTION('ref_axis',(1.,0.,0.));
#2216=DIRECTION('',(0.,-1.,0.));
#2217=DIRECTION('center_axis',(0.,-1.,0.));
#2218=DIRECTION('ref_axis',(1.,0.,0.));
#2219=DIRECTION('center_axis',(0.,-1.,0.));
#2220=DIRECTION('ref_axis',(1.,0.,0.));
#2221=DIRECTION('',(0.,-1.,0.));
#2222=DIRECTION('center_axis',(0.,-1.,0.));
#2223=DIRECTION('ref_axis',(1.,0.,0.));
#2224=DIRECTION('center_axis',(0.,-1.,0.));
#2225=DIRECTION('ref_axis',(1.,0.,0.));
#2226=DIRECTION('',(0.,-1.,0.));
#2227=DIRECTION('center_axis',(0.707106781184469,0.,0.707106781188626));
#2228=DIRECTION('ref_axis',(-0.707106781188626,0.,0.707106781184469));
#2229=DIRECTION('',(0.,-1.,0.));
#2230=DIRECTION('',(-0.707106781188626,0.,0.707106781184469));
#2231=DIRECTION('',(0.,-1.,0.));
#2232=DIRECTION('',(-0.707106781188626,0.,0.707106781184469));
#2233=DIRECTION('center_axis',(0.707106781186548,0.,-0.707106781186548));
#2234=DIRECTION('ref_axis',(0.707106781186548,0.,0.707106781186548));
#2235=DIRECTION('',(0.707106781186548,0.,0.707106781186548));
#2236=DIRECTION('',(0.707106781186548,0.,0.707106781186548));
#2237=DIRECTION('',(0.,-1.,0.));
#2238=DIRECTION('center_axis',(-0.707106781186548,0.,-0.707106781186548));
#2239=DIRECTION('ref_axis',(0.707106781186548,0.,-0.707106781186548));
#2240=DIRECTION('',(0.,1.,0.));
#2241=DIRECTION('',(0.707106781186548,0.,-0.707106781186548));
#2242=DIRECTION('',(0.707106781186548,0.,-0.707106781186548));
#2243=DIRECTION('center_axis',(-0.707106781186546,0.,0.707106781186549));
#2244=DIRECTION('ref_axis',(0.707106781186549,0.,0.707106781186546));
#2245=DIRECTION('',(0.707106781186549,0.,0.707106781186546));
#2246=DIRECTION('',(0.,1.,0.));
#2247=DIRECTION('',(0.,1.,0.));
#2248=DIRECTION('',(0.707106781186507,0.,0.707106781186588));
#2249=DIRECTION('',(-0.707106781186549,0.,-0.707106781186546));
#2250=DIRECTION('',(0.707106781186549,0.,0.707106781186546));
#2251=DIRECTION('',(0.,1.,0.));
#2252=DIRECTION('',(0.,1.,0.));
#2253=DIRECTION('',(-0.707106781186549,0.,-0.707106781186546));
#2254=DIRECTION('',(0.,-1.,0.));
#2255=DIRECTION('',(-0.707106781186507,0.,-0.707106781186588));
#2256=DIRECTION('',(0.,-1.,0.));
#2257=DIRECTION('',(-0.707106781186485,0.,-0.70710678118661));
#2258=DIRECTION('',(0.,1.,0.));
#2259=DIRECTION('center_axis',(0.,-1.,0.));
#2260=DIRECTION('ref_axis',(0.,0.,-1.));
#2261=DIRECTION('',(4.53199369080332E-16,0.,1.));
#2262=DIRECTION('',(0.707106781186548,0.,0.707106781186547));
#2263=DIRECTION('',(-0.707106781186547,0.,0.707106781186548));
#2264=DIRECTION('center_axis',(1.,0.,-4.53199369080332E-16));
#2265=DIRECTION('ref_axis',(-4.53199369080332E-16,0.,-1.));
#2266=DIRECTION('',(0.,-1.,0.));
#2267=DIRECTION('',(-4.53199369080332E-16,0.,-1.));
#2268=DIRECTION('',(0.,1.,0.));
#2269=DIRECTION('center_axis',(0.,1.,0.));
#2270=DIRECTION('ref_axis',(0.,0.,1.));
#2271=DIRECTION('',(0.707106781186547,0.,-0.707106781186548));
#2272=DIRECTION('',(-0.707106781186548,0.,-0.707106781186547));
#2273=DIRECTION('center_axis',(0.,1.,0.));
#2274=DIRECTION('ref_axis',(0.,0.,1.));
#2275=DIRECTION('',(-0.707088290993412,0.,0.707125270896194));
#2276=DIRECTION('center_axis',(0.707106781186548,0.,0.707106781186547));
#2277=DIRECTION('ref_axis',(0.707106781186547,0.,-0.707106781186548));
#2278=DIRECTION('',(0.,1.,0.));
#2279=DIRECTION('',(-0.707106781186547,0.,0.707106781186548));
#2280=DIRECTION('',(0.,1.,0.));
#2281=DIRECTION('',(0.,1.,0.));
#2282=DIRECTION('center_axis',(-0.707125270896194,0.,-0.707088290993412));
#2283=DIRECTION('ref_axis',(-0.707088290993412,0.,0.707125270896194));
#2284=DIRECTION('',(0.707088290993412,0.,-0.707125270896194));
#2285=DIRECTION('',(0.,-1.,0.));
#2286=DIRECTION('center_axis',(-0.707116026104823,0.,-0.7070975361474));
#2287=DIRECTION('ref_axis',(0.7070975361474,0.,-0.707116026104823));
#2288=DIRECTION('',(0.7070975361474,0.,-0.707116026104823));
#2289=DIRECTION('center_axis',(0.,-1.,0.));
#2290=DIRECTION('ref_axis',(0.,0.,-1.));
#2291=DIRECTION('',(0.707106781186546,0.,-0.707106781186549));
#2292=DIRECTION('',(-0.707106781186548,0.,-0.707106781186547));
#2293=DIRECTION('',(-0.707106781186546,0.,0.707106781186549));
#2294=DIRECTION('',(0.707106781186547,0.,-0.707106781186548));
#2295=DIRECTION('',(0.707106781186547,0.,0.707106781186548));
#2296=DIRECTION('',(0.707106781186548,0.,0.707106781186547));
#2297=DIRECTION('',(-0.707106781186547,0.,0.707106781186548));
#2298=DIRECTION('center_axis',(0.707116026104823,0.,0.7070975361474));
#2299=DIRECTION('ref_axis',(0.7070975361474,0.,-0.707116026104823));
#2300=DIRECTION('',(0.,1.,0.));
#2301=DIRECTION('center_axis',(0.707088290993412,0.,-0.707125270896194));
#2302=DIRECTION('ref_axis',(0.707125270896194,0.,0.707088290993412));
#2303=DIRECTION('',(0.,-1.,0.));
#2304=DIRECTION('',(-0.707125270896194,0.,-0.707088290993412));
#2305=DIRECTION('',(0.,-1.,0.));
#2306=DIRECTION('center_axis',(0.,1.,0.));
#2307=DIRECTION('ref_axis',(0.,0.,1.));
#2308=DIRECTION('center_axis',(0.707106781186547,0.,-0.707106781186548));
#2309=DIRECTION('ref_axis',(-0.707106781186548,0.,-0.707106781186547));
#2310=DIRECTION('',(0.,1.,0.));
#2311=DIRECTION('',(-0.707106781186548,0.,-0.707106781186547));
#2312=DIRECTION('',(0.,1.,0.));
#2313=DIRECTION('center_axis',(-0.707106781186549,0.,-0.707106781186546));
#2314=DIRECTION('ref_axis',(-0.707106781186546,0.,0.707106781186549));
#2315=DIRECTION('',(-0.707106781186546,0.,0.707106781186549));
#2316=DIRECTION('center_axis',(0.707106781186549,0.,0.707106781186546));
#2317=DIRECTION('ref_axis',(0.707106781186546,0.,-0.707106781186549));
#2318=DIRECTION('',(0.707106781186546,0.,-0.707106781186549));
#2319=DIRECTION('center_axis',(0.,1.,0.));
#2320=DIRECTION('ref_axis',(0.,0.,1.));
#2321=DIRECTION('center_axis',(0.707106781186547,0.,-0.707106781186548));
#2322=DIRECTION('ref_axis',(0.707106781186548,0.,0.707106781186547));
#2323=DIRECTION('',(0.,-1.,0.));
#2324=DIRECTION('',(0.707106781186548,0.,0.707106781186547));
#2325=DIRECTION('',(0.,-1.,0.));
#2326=DIRECTION('center_axis',(0.707106781186549,0.,0.707106781186546));
#2327=DIRECTION('ref_axis',(-0.707106781186546,0.,0.707106781186549));
#2328=DIRECTION('',(-0.707106781186546,0.,0.707106781186549));
#2329=DIRECTION('center_axis',(-0.707106781186549,0.,-0.707106781186546));
#2330=DIRECTION('ref_axis',(0.707106781186546,0.,-0.707106781186549));
#2331=DIRECTION('',(0.707106781186546,0.,-0.707106781186549));
#2332=DIRECTION('center_axis',(0.,-1.,0.));
#2333=DIRECTION('ref_axis',(0.,0.,-1.));
#2334=DIRECTION('center_axis',(-0.707106781186548,0.,-0.707106781186547));
#2335=DIRECTION('ref_axis',(-0.707106781186547,0.,0.707106781186548));
#2336=DIRECTION('',(0.,1.,0.));
#2337=DIRECTION('center_axis',(0.707106781186548,0.,-0.707106781186547));
#2338=DIRECTION('ref_axis',(-0.707106781186547,0.,-0.707106781186548));
#2339=DIRECTION('center_axis',(0.707106781186547,0.,-0.707106781186548));
#2340=DIRECTION('ref_axis',(-0.707106781186548,0.,-0.707106781186547));
#2341=DIRECTION('',(0.,1.,0.));
#2342=DIRECTION('center_axis',(0.707106781186548,0.,0.707106781186547));
#2343=DIRECTION('ref_axis',(0.707106781186547,0.,-0.707106781186548));
#2344=DIRECTION('',(0.,-1.,0.));
#2345=DIRECTION('center_axis',(0.,0.,1.));
#2346=DIRECTION('ref_axis',(-1.,0.,0.));
#2347=DIRECTION('',(1.,0.,0.));
#2348=DIRECTION('',(0.,-1.,0.));
#2349=DIRECTION('',(-1.,0.,0.));
#2350=DIRECTION('center_axis',(-0.999999930170892,0.,0.000373708726419588));
#2351=DIRECTION('ref_axis',(-0.000373708726419588,0.,-0.999999930170892));
#2352=DIRECTION('',(0.000373708726419588,0.,0.999999930170892));
#2353=DIRECTION('',(-0.000373708726419588,0.,-0.999999930170892));
#2354=DIRECTION('center_axis',(0.,1.,0.));
#2355=DIRECTION('ref_axis',(0.,0.,1.));
#2356=DIRECTION('center_axis',(0.,-1.,0.));
#2357=DIRECTION('ref_axis',(0.,0.,-1.));
#2358=DIRECTION('center_axis',(0.,1.,0.));
#2359=DIRECTION('ref_axis',(0.,0.,1.));
#2360=DIRECTION('',(-1.,0.,0.));
#2361=DIRECTION('',(7.554233872287E-16,0.,1.));
#2362=DIRECTION('',(-1.,0.,0.));
#2363=DIRECTION('',(-0.707106781186545,0.,-0.70710678118655));
#2364=DIRECTION('',(1.62448335152456E-16,0.,-1.));
#2365=DIRECTION('',(0.707106781186545,0.,-0.70710678118655));
#2366=DIRECTION('',(1.,0.,0.));
#2367=DIRECTION('',(-1.13313508084305E-15,0.,1.));
#2368=DIRECTION('',(-1.,0.,0.));
#2369=DIRECTION('',(0.,0.,1.));
#2370=DIRECTION('',(-0.707106781186548,0.,-0.707106781186547));
#2371=DIRECTION('',(0.,0.,1.));
#2372=DIRECTION('',(-0.999999139427217,0.,0.00131192409319529));
#2373=DIRECTION('',(1.,0.,0.));
#2374=DIRECTION('',(0.,0.,1.));
#2375=DIRECTION('',(-0.0013119240931951,0.,-0.999999139427217));
#2376=DIRECTION('',(-0.999999139427217,0.,0.00131192409319593));
#2377=DIRECTION('',(-0.00131192409319543,0.,-0.999999139427217));
#2378=DIRECTION('',(0.706178502246999,0.,-0.708033843092394));
#2379=DIRECTION('',(0.999999139427217,0.,-0.00131192409319488));
#2380=DIRECTION('',(0.7080338430924,0.,0.706178502246994));
#2381=DIRECTION('',(0.00131192409319407,0.,0.999999139427217));
#2382=DIRECTION('',(-0.999999139427217,0.,0.00131192409319442));
#2383=DIRECTION('',(0.00131192410662516,0.,0.999999139427199));
#2384=DIRECTION('',(-1.,0.,1.50275393839685E-16));
#2385=DIRECTION('',(0.,0.,1.));
#2386=DIRECTION('center_axis',(-0.00131192409319529,0.,-0.999999139427217));
#2387=DIRECTION('ref_axis',(-0.999999139427217,0.,0.00131192409319529));
#2388=DIRECTION('',(0.,1.,0.));
#2389=DIRECTION('',(-0.999999139427217,0.,0.00131192409319529));
#2390=DIRECTION('',(0.,1.,0.));
#2391=DIRECTION('center_axis',(0.00131192409319529,0.,0.999999139427217));
#2392=DIRECTION('ref_axis',(-0.999999139427217,0.,0.00131192409319529));
#2393=DIRECTION('center_axis',(-1.,0.,0.));
#2394=DIRECTION('ref_axis',(0.,0.,1.));
#2395=DIRECTION('',(0.,-1.,0.));
#2396=DIRECTION('',(0.,0.,1.));
#2397=DIRECTION('center_axis',(1.,0.,0.));
#2398=DIRECTION('ref_axis',(0.,0.,1.));
#2399=DIRECTION('center_axis',(0.,0.,1.));
#2400=DIRECTION('ref_axis',(1.,0.,0.));
#2401=DIRECTION('',(0.,-1.,0.));
#2402=DIRECTION('',(0.,1.,0.));
#2403=DIRECTION('',(1.,0.,0.));
#2404=DIRECTION('center_axis',(-1.,0.,-1.13313508084305E-15));
#2405=DIRECTION('ref_axis',(-1.13313508084305E-15,0.,1.));
#2406=DIRECTION('',(0.,1.,0.));
#2407=DIRECTION('',(-1.13313508084305E-15,0.,1.));
#2408=DIRECTION('center_axis',(0.,0.,1.));
#2409=DIRECTION('ref_axis',(1.,0.,0.));
#2410=DIRECTION('',(0.,1.,0.));
#2411=DIRECTION('',(1.,0.,0.));
#2412=DIRECTION('center_axis',(0.70710678118655,0.,0.707106781186545));
#2413=DIRECTION('ref_axis',(0.707106781186545,0.,-0.70710678118655));
#2414=DIRECTION('',(0.,1.,0.));
#2415=DIRECTION('',(0.707106781186545,0.,-0.70710678118655));
#2416=DIRECTION('center_axis',(1.,0.,1.62448335152456E-16));
#2417=DIRECTION('ref_axis',(1.62448335152456E-16,0.,-1.));
#2418=DIRECTION('',(0.,1.,0.));
#2419=DIRECTION('',(1.62448335152456E-16,0.,-1.));
#2420=DIRECTION('center_axis',(0.70710678118655,0.,-0.707106781186545));
#2421=DIRECTION('ref_axis',(-0.707106781186545,0.,-0.70710678118655));
#2422=DIRECTION('',(0.,1.,0.));
#2423=DIRECTION('',(-0.707106781186545,0.,-0.70710678118655));
#2424=DIRECTION('center_axis',(0.,0.,-1.));
#2425=DIRECTION('ref_axis',(-1.,0.,0.));
#2426=DIRECTION('',(0.,1.,0.));
#2427=DIRECTION('',(-1.,0.,0.));
#2428=DIRECTION('center_axis',(-1.,0.,7.554233872287E-16));
#2429=DIRECTION('ref_axis',(7.554233872287E-16,0.,1.));
#2430=DIRECTION('',(0.,1.,0.));
#2431=DIRECTION('',(7.554233872287E-16,0.,1.));
#2432=DIRECTION('center_axis',(0.,0.,-1.));
#2433=DIRECTION('ref_axis',(-1.,0.,0.));
#2434=DIRECTION('',(0.,1.,0.));
#2435=DIRECTION('',(-1.,0.,0.));
#2436=DIRECTION('center_axis',(-0.00131192409319442,0.,-0.999999139427217));
#2437=DIRECTION('ref_axis',(-0.999999139427217,0.,0.00131192409319442));
#2438=DIRECTION('',(0.,1.,0.));
#2439=DIRECTION('',(-0.999999139427217,0.,0.00131192409319442));
#2440=DIRECTION('',(0.,1.,0.));
#2441=DIRECTION('center_axis',(-0.999999139427217,0.,0.00131192409319407));
#2442=DIRECTION('ref_axis',(0.00131192409319407,0.,0.999999139427217));
#2443=DIRECTION('',(0.,1.,0.));
#2444=DIRECTION('',(0.00131192409319407,0.,0.999999139427217));
#2445=DIRECTION('center_axis',(-0.706178502246994,0.,0.7080338430924));
#2446=DIRECTION('ref_axis',(0.7080338430924,0.,0.706178502246994));
#2447=DIRECTION('',(0.,1.,0.));
#2448=DIRECTION('',(0.7080338430924,0.,0.706178502246994));
#2449=DIRECTION('center_axis',(0.00131192409319488,0.,0.999999139427217));
#2450=DIRECTION('ref_axis',(0.999999139427217,0.,-0.00131192409319488));
#2451=DIRECTION('',(0.,1.,0.));
#2452=DIRECTION('',(0.999999139427217,0.,-0.00131192409319488));
#2453=DIRECTION('center_axis',(0.708033843092394,0.,0.706178502246999));
#2454=DIRECTION('ref_axis',(0.706178502246999,0.,-0.708033843092394));
#2455=DIRECTION('',(0.,1.,0.));
#2456=DIRECTION('',(0.706178502246999,0.,-0.708033843092394));
#2457=DIRECTION('center_axis',(0.999999139427217,0.,-0.00131192409319543));
#2458=DIRECTION('ref_axis',(-0.00131192409319543,0.,-0.999999139427217));
#2459=DIRECTION('',(0.,1.,0.));
#2460=DIRECTION('',(-0.00131192409319543,0.,-0.999999139427217));
#2461=DIRECTION('center_axis',(-0.00131192409319593,0.,-0.999999139427217));
#2462=DIRECTION('ref_axis',(-0.999999139427217,0.,0.00131192409319593));
#2463=DIRECTION('',(0.,1.,0.));
#2464=DIRECTION('',(-0.999999139427217,0.,0.00131192409319593));
#2465=DIRECTION('center_axis',(0.999999139427217,0.,-0.0013119240931951));
#2466=DIRECTION('ref_axis',(-0.0013119240931951,0.,-0.999999139427217));
#2467=DIRECTION('',(0.,1.,0.));
#2468=DIRECTION('',(-0.0013119240931951,0.,-0.999999139427217));
#2469=DIRECTION('center_axis',(0.,0.,-1.));
#2470=DIRECTION('ref_axis',(1.,0.,0.));
#2471=DIRECTION('',(-1.,0.,0.));
#2472=DIRECTION('',(0.,-1.,0.));
#2473=DIRECTION('',(0.,-1.,0.));
#2474=DIRECTION('',(0.,-1.,0.));
#2475=DIRECTION('center_axis',(1.,0.,0.));
#2476=DIRECTION('ref_axis',(0.,0.,1.));
#2477=DIRECTION('',(0.,0.,-1.));
#2478=DIRECTION('center_axis',(-0.999999139427199,0.,0.00131192410662516));
#2479=DIRECTION('ref_axis',(0.00131192410662516,0.,0.999999139427199));
#2480=DIRECTION('',(0.,-1.,0.));
#2481=DIRECTION('',(0.00131192410662516,0.,0.999999139427199));
#2482=DIRECTION('center_axis',(0.,1.,0.));
#2483=DIRECTION('ref_axis',(0.,0.,1.));
#2484=DIRECTION('',(0.,0.,-1.));
#2485=DIRECTION('',(1.,0.,-1.50275393839685E-16));
#2486=DIRECTION('',(0.707106781186548,0.,0.707106781186547));
#2487=DIRECTION('',(0.,0.,-1.));
#2488=DIRECTION('center_axis',(1.50275393839685E-16,0.,1.));
#2489=DIRECTION('ref_axis',(-1.,0.,1.50275393839685E-16));
#2490=DIRECTION('',(0.,-1.,0.));
#2491=DIRECTION('',(-0.5,-0.866025403784439,7.51376969198426E-17));
#2492=DIRECTION('',(-1.,7.25646296748516E-16,1.50275393839685E-16));
#2493=DIRECTION('',(-0.5,0.866025403784438,7.51376969198426E-17));
#2494=DIRECTION('',(0.5,0.866025403784438,-7.51376969198426E-17));
#2495=DIRECTION('',(1.,0.,-1.50275393839685E-16));
#2496=DIRECTION('',(0.499999999999998,-0.86602540378444,-7.51376969198423E-17));
#2497=DIRECTION('center_axis',(1.,0.,0.));
#2498=DIRECTION('ref_axis',(0.,0.,1.));
#2499=DIRECTION('',(0.,-0.866025403784439,0.5));
#2500=DIRECTION('',(0.,0.,1.));
#2501=DIRECTION('',(0.,0.866025403784439,0.499999999999999));
#2502=DIRECTION('',(0.,0.866025403784438,-0.500000000000001));
#2503=DIRECTION('',(0.,0.,-1.));
#2504=DIRECTION('',(0.,-0.866025403784439,-0.5));
#2505=DIRECTION('center_axis',(1.,0.,0.));
#2506=DIRECTION('ref_axis',(0.,0.,1.));
#2507=DIRECTION('',(0.,-1.,0.));
#2508=DIRECTION('center_axis',(-0.707106781186547,0.,0.707106781186548));
#2509=DIRECTION('ref_axis',(-0.707106781186548,0.,-0.707106781186547));
#2510=DIRECTION('center_axis',(-1.,0.,0.));
#2511=DIRECTION('ref_axis',(0.,0.,1.));
#2512=DIRECTION('center_axis',(-1.,0.,0.));
#2513=DIRECTION('ref_axis',(0.,0.,1.));
#2514=DIRECTION('',(1.,0.,0.));
#2515=DIRECTION('center_axis',(1.,0.,0.));
#2516=DIRECTION('ref_axis',(0.,0.,1.));
#2517=DIRECTION('center_axis',(-1.,0.,0.));
#2518=DIRECTION('ref_axis',(0.,0.,1.));
#2519=DIRECTION('',(1.,0.,0.));
#2520=DIRECTION('center_axis',(-1.,0.,0.));
#2521=DIRECTION('ref_axis',(0.,0.,1.));
#2522=DIRECTION('center_axis',(-1.,0.,0.));
#2523=DIRECTION('ref_axis',(0.,0.,1.));
#2524=DIRECTION('center_axis',(-0.00131192409319529,0.,-0.999999139427217));
#2525=DIRECTION('ref_axis',(-0.999999139427217,0.,0.00131192409319529));
#2526=DIRECTION('center_axis',(-0.00131192409319529,0.,-0.999999139427217));
#2527=DIRECTION('ref_axis',(-0.999999139427217,0.,0.00131192409319529));
#2528=DIRECTION('',(0.00131192409319529,0.,0.999999139427217));
#2529=DIRECTION('center_axis',(0.,0.,1.));
#2530=DIRECTION('ref_axis',(-1.,0.,0.));
#2531=DIRECTION('center_axis',(-0.00131192409319529,0.,-0.999999139427217));
#2532=DIRECTION('ref_axis',(-0.999999139427217,0.,0.00131192409319529));
#2533=DIRECTION('',(0.00131192409319529,0.,0.999999139427217));
#2534=DIRECTION('center_axis',(-0.00131192409319529,0.,-0.999999139427217));
#2535=DIRECTION('ref_axis',(-0.999999139427217,0.,0.00131192409319529));
#2536=DIRECTION('center_axis',(-0.00131192409319529,0.,-0.999999139427217));
#2537=DIRECTION('ref_axis',(-0.999999139427217,0.,0.00131192409319529));
#2538=DIRECTION('center_axis',(0.,0.,-1.));
#2539=DIRECTION('ref_axis',(-1.,0.,0.));
#2540=DIRECTION('',(-1.,7.25646296748516E-16,1.50275393839685E-16));
#2541=DIRECTION('',(-0.5,-0.866025403784439,7.51376969198426E-17));
#2542=DIRECTION('',(0.499999999999998,-0.86602540378444,-7.51376969198423E-17));
#2543=DIRECTION('',(1.,0.,-1.50275393839685E-16));
#2544=DIRECTION('',(0.5,0.866025403784438,-7.51376969198426E-17));
#2545=DIRECTION('',(-0.5,0.866025403784438,7.51376969198426E-17));
#2546=DIRECTION('center_axis',(-7.25646296748516E-16,-1.,0.));
#2547=DIRECTION('ref_axis',(-1.,7.25646296748516E-16,1.50275393839685E-16));
#2548=DIRECTION('',(0.,0.,-1.));
#2549=DIRECTION('',(0.,0.,-1.));
#2550=DIRECTION('center_axis',(-0.866025403784438,-0.5,0.));
#2551=DIRECTION('ref_axis',(-0.5,0.866025403784438,7.51376969198426E-17));
#2552=DIRECTION('',(0.,0.,-1.));
#2553=DIRECTION('center_axis',(-0.866025403784438,0.5,0.));
#2554=DIRECTION('ref_axis',(0.5,0.866025403784438,-7.51376969198426E-17));
#2555=DIRECTION('',(0.,0.,-1.));
#2556=DIRECTION('center_axis',(0.,1.,0.));
#2557=DIRECTION('ref_axis',(1.,0.,-1.50275393839685E-16));
#2558=DIRECTION('',(0.,0.,-1.));
#2559=DIRECTION('center_axis',(0.86602540378444,0.499999999999998,0.));
#2560=DIRECTION('ref_axis',(0.499999999999998,-0.86602540378444,-7.51376969198423E-17));
#2561=DIRECTION('',(0.,0.,-1.));
#2562=DIRECTION('center_axis',(0.866025403784439,-0.5,0.));
#2563=DIRECTION('ref_axis',(-0.5,-0.866025403784439,7.51376969198426E-17));
#2564=DIRECTION('center_axis',(-1.,0.,0.));
#2565=DIRECTION('ref_axis',(0.,0.,1.));
#2566=DIRECTION('',(0.,0.,1.));
#2567=DIRECTION('',(0.,-0.866025403784439,0.5));
#2568=DIRECTION('',(0.,-0.866025403784439,-0.5));
#2569=DIRECTION('',(0.,0.,-1.));
#2570=DIRECTION('',(0.,0.866025403784438,-0.500000000000001));
#2571=DIRECTION('',(0.,0.866025403784439,0.499999999999999));
#2572=DIRECTION('center_axis',(0.,-1.,0.));
#2573=DIRECTION('ref_axis',(0.,0.,1.));
#2574=DIRECTION('',(-1.,0.,0.));
#2575=DIRECTION('',(-1.,0.,0.));
#2576=DIRECTION('center_axis',(0.,-0.499999999999999,0.866025403784439));
#2577=DIRECTION('ref_axis',(0.,0.866025403784439,0.499999999999999));
#2578=DIRECTION('',(-1.,0.,0.));
#2579=DIRECTION('center_axis',(0.,0.500000000000001,0.866025403784438));
#2580=DIRECTION('ref_axis',(0.,0.866025403784438,-0.500000000000001));
#2581=DIRECTION('',(-1.,0.,0.));
#2582=DIRECTION('center_axis',(0.,1.,0.));
#2583=DIRECTION('ref_axis',(0.,0.,-1.));
#2584=DIRECTION('',(-1.,0.,0.));
#2585=DIRECTION('center_axis',(0.,0.5,-0.866025403784439));
#2586=DIRECTION('ref_axis',(0.,-0.866025403784439,-0.5));
#2587=DIRECTION('',(-1.,0.,0.));
#2588=DIRECTION('center_axis',(0.,-0.5,-0.866025403784439));
#2589=DIRECTION('ref_axis',(0.,-0.866025403784439,0.5));
#2590=CARTESIAN_POINT('',(0.,0.,0.));
#2591=CARTESIAN_POINT('Origin',(14.7068752785578,144.064232629206,-20.3511860782691));
#2592=CARTESIAN_POINT('',(14.3079077766324,143.5,-19.9522081437064));
#2593=CARTESIAN_POINT('',(10.7723276461083,143.5,-23.4876958244434));
#2594=CARTESIAN_POINT('',(-1.64237433792484,143.5,-35.9020731838002));
#2595=CARTESIAN_POINT('',(7.23699053320614,133.500082192406,-12.8811060022257));
#2596=CARTESIAN_POINT('',(7.23693241515838,133.5,-12.8810478826582));
#2597=CARTESIAN_POINT('',(3.70136417842298,133.500016820577,-16.4165474574949));
#2598=CARTESIAN_POINT('',(5.01454440037489,133.500041100573,-15.1034359097638));
#2599=CARTESIAN_POINT('',(3.70135228463426,133.5,-16.4165355633952));
#2600=CARTESIAN_POINT('Origin',(7.33577114282815,138.782116314603,-20.0510494583365));
#2601=CARTESIAN_POINT('',(3.70136417842298,143.5,-16.4165474574949));
#2602=CARTESIAN_POINT('',(15.5496989369208,143.5,-28.2651920391699));
#2603=CARTESIAN_POINT('',(3.70136417842298,151.141058157301,-16.4165474574949));
#2604=CARTESIAN_POINT('Origin',(2.7916255754391,163.5,-17.3262384846864));
#2605=CARTESIAN_POINT('',(7.23699053320203,143.5,-12.8811060022298));
#2606=CARTESIAN_POINT('',(7.23699053320614,151.141058157301,-12.8811060022257));
#2607=CARTESIAN_POINT('',(8.85385638528773,143.5,-11.2643247059428));
#2608=CARTESIAN_POINT('',(-10.9360514363561,143.5,-31.053197592339));
#2609=CARTESIAN_POINT('',(8.85385638528773,133.5,-11.2643247059428));
#2610=CARTESIAN_POINT('',(8.85385638528773,163.5,-11.2643247059428));
#2611=CARTESIAN_POINT('',(2.7916255754391,133.5,-17.3262384846864));
#2612=CARTESIAN_POINT('',(8.85385638528773,133.5,-11.2643247059428));
#2613=CARTESIAN_POINT('',(2.7916255754391,143.5,-17.3262384846864));
#2614=CARTESIAN_POINT('',(2.7916255754391,163.5,-17.3262384846864));
#2615=CARTESIAN_POINT('',(-10.9360514363561,143.5,-31.053197592339));
#2616=CARTESIAN_POINT('Origin',(7.23693241514411,163.5,-12.8810478826563));
#2617=CARTESIAN_POINT('',(7.23699053319998,163.499917807583,-12.8811060022319));
#2618=CARTESIAN_POINT('',(3.70136417841682,163.499983179411,-16.4165474575011));
#2619=CARTESIAN_POINT('',(5.01430805355965,163.499958903786,-15.103672244219));
#2620=CARTESIAN_POINT('',(14.3079077766411,153.5,-19.9522081437275));
#2621=CARTESIAN_POINT('',(14.6192521334623,153.05968683116,-20.2635606419204));
#2622=CARTESIAN_POINT('',(10.7723276461169,153.5,-23.4876958244645));
#2623=CARTESIAN_POINT('',(-1.64237433791308,153.5,-35.9020731838182));
#2624=CARTESIAN_POINT('',(11.0836720029381,153.05968683116,-23.7990483226574));
#2625=CARTESIAN_POINT('Origin',(7.28885636667584,158.27984341558,-20.0041334554203));
#2626=CARTESIAN_POINT('',(3.70136417841557,153.5,-16.4165474575024));
#2627=CARTESIAN_POINT('',(3.70136417841557,160.88992170779,-16.4165474575024));
#2628=CARTESIAN_POINT('',(15.5262415488409,153.5,-28.2417340377155));
#2629=CARTESIAN_POINT('Origin',(-4.60135736757694,153.5,-64.8435770194538));
#2630=CARTESIAN_POINT('',(7.23699053320203,153.5,-12.8811060022298));
#2631=CARTESIAN_POINT('',(19.0618216793595,153.5,-24.7062463569841));
#2632=CARTESIAN_POINT('',(8.85385638528773,153.5,-11.2643247059428));
#2633=CARTESIAN_POINT('',(-10.9360514363561,153.5,-31.053197592339));
#2634=CARTESIAN_POINT('',(26.7660983109743,153.5,-29.1765666316293));
#2635=CARTESIAN_POINT('',(8.85385638528773,153.5,-11.2643247059428));
#2636=CARTESIAN_POINT('',(9.23919938281704,153.5,-46.7034655597866));
#2637=CARTESIAN_POINT('',(26.7660983109743,153.5,-29.1765666316293));
#2638=CARTESIAN_POINT('',(34.2895155976832,153.5,-71.7537817746528));
#2639=CARTESIAN_POINT('',(9.23919938281704,153.5,-46.7034655597866));
#2640=CARTESIAN_POINT('',(-12.3795319606289,153.5,-118.422829332965));
#2641=CARTESIAN_POINT('',(34.2895155976832,153.5,-71.7537817746528));
#2642=CARTESIAN_POINT('',(-43.4922303328371,153.5,-87.3101309607567));
#2643=CARTESIAN_POINT('',(-12.3795319606289,153.5,-118.422829332965));
#2644=CARTESIAN_POINT('',(-39.2495896457178,153.5,-83.0674902736374));
#2645=CARTESIAN_POINT('',(-43.4922303328371,153.5,-87.3101309607567));
#2646=CARTESIAN_POINT('',(-12.379531960629,153.5,-109.937547958726));
#2647=CARTESIAN_POINT('',(-21.7084810471841,153.5,-100.608598872171));
#2648=CARTESIAN_POINT('',(25.8042342234446,153.5,-71.7537817746528));
#2649=CARTESIAN_POINT('',(19.930387514489,153.5,-77.6276284836085));
#2650=CARTESIAN_POINT('',(-1.06582346164449,153.5,-44.8837240895636));
#2651=CARTESIAN_POINT('',(3.04025629434501,153.5,-48.9898038455531));
#2652=CARTESIAN_POINT('',(14.641333996287,153.5,-29.1765666316293));
#2653=CARTESIAN_POINT('',(-3.89425058639043,153.5,-47.71215121431));
#2654=CARTESIAN_POINT('',(2.7916255754391,153.5,-17.3262384846864));
#2655=CARTESIAN_POINT('',(14.641333996287,153.5,-29.1765666316293));
#2656=CARTESIAN_POINT('',(-10.9360514363561,153.5,-31.053197592339));
#2657=CARTESIAN_POINT('Origin',(10.8851235509095,145.5,-29.4035155935271));
#2658=CARTESIAN_POINT('',(14.641333996287,145.5,-29.1765666316293));
#2659=CARTESIAN_POINT('',(4.51087174035088,145.5,-39.3070288875689));
#2660=CARTESIAN_POINT('',(-15.421238020093,145.5,-59.2391386480127));
#2661=CARTESIAN_POINT('',(4.51087174035088,145.5,-19.0455745641914));
#2662=CARTESIAN_POINT('',(13.7590677354247,145.5,-28.2942542292583));
#2663=CARTESIAN_POINT('',(4.51087174035088,145.5,-41.3981180466258));
#2664=CARTESIAN_POINT('Origin',(4.51087174035088,150.5,-17.4089131404284));
#2665=CARTESIAN_POINT('',(4.51087174035088,150.5,-39.3070288875689));
#2666=CARTESIAN_POINT('',(4.51087174035088,149.5,-39.3070288875689));
#2667=CARTESIAN_POINT('',(4.51087174035088,150.5,-19.0455745641914));
#2668=CARTESIAN_POINT('',(4.51087174035088,149.5,-19.0455745641914));
#2669=CARTESIAN_POINT('',(4.51087174035088,150.5,-41.3981180466258));
#2670=CARTESIAN_POINT('Origin',(7.77301130323598,129.25,-68.5718012592647));
#2671=CARTESIAN_POINT('',(5.02301130323598,129.25,-68.5718012592647));
#2672=CARTESIAN_POINT('Origin',(7.77301130323598,129.25,-68.5718012592647));
#2673=CARTESIAN_POINT('',(5.02301130323598,131.75,-68.5718012592647));
#2674=CARTESIAN_POINT('',(5.02301130323598,129.25,-68.5718012592647));
#2675=CARTESIAN_POINT('Origin',(7.77301130323598,131.75,-68.5718012592647));
#2676=CARTESIAN_POINT('Origin',(7.77301130323598,131.75,-68.5718012592647));
#2677=CARTESIAN_POINT('',(6.27301130323603,131.75,-68.5718012592647));
#2678=CARTESIAN_POINT('Origin',(7.77301130323603,131.75,-68.5718012592647));
#2679=CARTESIAN_POINT('Origin',(-9.1975514452411,129.25,-85.5423640077419));
#2680=CARTESIAN_POINT('',(-11.9475514452411,129.25,-85.5423640077419));
#2681=CARTESIAN_POINT('Origin',(-9.1975514452411,129.25,-85.5423640077419));
#2682=CARTESIAN_POINT('',(-11.9475514452411,131.75,-85.5423640077419));
#2683=CARTESIAN_POINT('',(-11.9475514452411,129.25,-85.5423640077419));
#2684=CARTESIAN_POINT('Origin',(-9.1975514452411,131.75,-85.5423640077419));
#2685=CARTESIAN_POINT('Origin',(-9.1975514452411,131.75,-85.5423640077419));
#2686=CARTESIAN_POINT('',(-10.6975514452411,131.75,-85.5423640077419));
#2687=CARTESIAN_POINT('Origin',(-9.19755144524108,131.75,-85.5423640077419));
#2688=CARTESIAN_POINT('Origin',(-0.71227007100259,129.25,-60.0865198850261));
#2689=CARTESIAN_POINT('',(-3.46227007100259,129.25,-60.0865198850261));
#2690=CARTESIAN_POINT('Origin',(-0.71227007100259,129.25,-60.0865198850261));
#2691=CARTESIAN_POINT('',(-3.46227007100259,131.75,-60.0865198850261));
#2692=CARTESIAN_POINT('',(-3.46227007100259,129.25,-60.0865198850261));
#2693=CARTESIAN_POINT('Origin',(-0.71227007100259,131.75,-60.0865198850261));
#2694=CARTESIAN_POINT('Origin',(-0.71227007100259,131.75,-60.0865198850261));
#2695=CARTESIAN_POINT('',(-2.21227007100255,131.75,-60.0865198850262));
#2696=CARTESIAN_POINT('Origin',(-0.712270071002554,131.75,-60.0865198850262));
#2697=CARTESIAN_POINT('Origin',(-17.6828328194797,129.25,-77.0570826335033));
#2698=CARTESIAN_POINT('',(-20.4328328194797,129.25,-77.0570826335033));
#2699=CARTESIAN_POINT('Origin',(-17.6828328194797,129.25,-77.0570826335033));
#2700=CARTESIAN_POINT('',(-20.4328328194797,131.75,-77.0570826335033));
#2701=CARTESIAN_POINT('',(-20.4328328194797,129.25,-77.0570826335033));
#2702=CARTESIAN_POINT('Origin',(-17.6828328194797,131.75,-77.0570826335033));
#2703=CARTESIAN_POINT('Origin',(-17.6828328194797,131.75,-77.0570826335033));
#2704=CARTESIAN_POINT('',(-19.1828328194797,131.75,-77.0570826335033));
#2705=CARTESIAN_POINT('Origin',(-17.6828328194797,131.75,-77.0570826335033));
#2706=CARTESIAN_POINT('Origin',(7.77301130323603,134.25,-68.5718012592647));
#2707=CARTESIAN_POINT('',(6.27301130323603,134.25,-68.5718012592647));
#2708=CARTESIAN_POINT('Origin',(7.77301130323603,134.25,-68.5718012592647));
#2709=CARTESIAN_POINT('',(6.27301130323603,134.25,-68.5718012592647));
#2710=CARTESIAN_POINT('Origin',(-9.19755144524108,134.25,-85.5423640077419));
#2711=CARTESIAN_POINT('',(-10.6975514452411,134.25,-85.5423640077419));
#2712=CARTESIAN_POINT('Origin',(-9.19755144524108,134.25,-85.5423640077419));
#2713=CARTESIAN_POINT('',(-10.6975514452411,134.25,-85.5423640077419));
#2714=CARTESIAN_POINT('Origin',(-0.712270071002554,134.25,-60.0865198850262));
#2715=CARTESIAN_POINT('',(-2.21227007100255,134.25,-60.0865198850262));
#2716=CARTESIAN_POINT('Origin',(-0.712270071002554,134.25,-60.0865198850262));
#2717=CARTESIAN_POINT('',(-2.21227007100255,134.25,-60.0865198850262));
#2718=CARTESIAN_POINT('Origin',(-17.6828328194797,134.25,-77.0570826335033));
#2719=CARTESIAN_POINT('',(-19.1828328194797,134.25,-77.0570826335033));
#2720=CARTESIAN_POINT('Origin',(-17.6828328194797,134.25,-77.0570826335033));
#2721=CARTESIAN_POINT('',(-19.1828328194797,134.25,-77.0570826335033));
#2722=CARTESIAN_POINT('Origin',(20.8544867551973,162.75,-71.7537817745324));
#2723=CARTESIAN_POINT('',(-3.54069719577951,162.75,-47.358597823699));
#2724=CARTESIAN_POINT('',(-3.54069719577941,134.25,-47.3585978236991));
#2725=CARTESIAN_POINT('',(-3.54069719577941,155.625,-47.3585978236991));
#2726=CARTESIAN_POINT('',(20.8544867551973,162.75,-71.7537817745324));
#2727=CARTESIAN_POINT('',(15.3744092009764,162.75,-66.2737042203438));
#2728=CARTESIAN_POINT('',(20.8544867551973,134.25,-71.7537817745324));
#2729=CARTESIAN_POINT('',(20.8544867551973,162.75,-71.7537817745324));
#2730=CARTESIAN_POINT('',(14.6673024197691,134.25,-65.5665974391406));
#2731=CARTESIAN_POINT('Origin',(-12.3795319606143,162.75,-104.987800490344));
#2732=CARTESIAN_POINT('',(-12.3795319606143,134.25,-104.987800490344));
#2733=CARTESIAN_POINT('',(-4.07102728167047,134.25,-96.6792958114002));
#2734=CARTESIAN_POINT('',(-12.3795319606143,162.75,-104.987800490344));
#2735=CARTESIAN_POINT('',(-4.0710272816951,162.75,-96.6792958114248));
#2736=CARTESIAN_POINT('',(-12.3795319606143,162.75,-104.987800490344));
#2737=CARTESIAN_POINT('Origin',(-37.1282693021931,162.75,-80.2390631487651));
#2738=CARTESIAN_POINT('',(-36.7747159115193,134.25,-80.5926165394389));
#2739=CARTESIAN_POINT('',(-36.7747159115193,162.75,-80.5926165394389));
#2740=CARTESIAN_POINT('',(-36.7747159115193,155.625,-80.5926165394389));
#2741=CARTESIAN_POINT('',(-30.9410849667893,134.25,-86.4262474841689));
#2742=CARTESIAN_POINT('',(-30.233978185584,162.75,-87.1333542653742));
#2743=CARTESIAN_POINT('Origin',(-43.4922303328371,148.5,-87.3101309607567));
#2744=CARTESIAN_POINT('',(14.641333996287,150.5,-29.1765666316293));
#2745=CARTESIAN_POINT('',(-15.421238020093,150.5,-59.2391386480127));
#2746=CARTESIAN_POINT('',(14.641333996287,148.5,-29.1765666316293));
#2747=CARTESIAN_POINT('',(-1.0658234616444,162.75,-44.8837240895637));
#2748=CARTESIAN_POINT('',(-1.0658234616444,148.5,-44.8837240895637));
#2749=CARTESIAN_POINT('',(-3.89425058639043,162.75,-47.71215121431));
#2750=CARTESIAN_POINT('',(-31.8249684432344,134.25,-75.642869071154));
#2751=CARTESIAN_POINT('',(-39.2495896457178,162.75,-83.0674902736374));
#2752=CARTESIAN_POINT('',(-39.2495896457178,162.75,-83.0674902736374));
#2753=CARTESIAN_POINT('',(-39.2495896457178,148.5,-83.0674902736374));
#2754=CARTESIAN_POINT('',(-43.4922303328371,143.5,-87.3101309607567));
#2755=CARTESIAN_POINT('',(-43.4922303328371,148.5,-87.3101309607567));
#2756=CARTESIAN_POINT('',(-39.2495896457178,143.5,-83.0674902736374));
#2757=CARTESIAN_POINT('',(-43.4922303328371,143.5,-87.3101309607567));
#2758=CARTESIAN_POINT('',(-39.2495896457178,129.25,-83.0674902736374));
#2759=CARTESIAN_POINT('',(-39.2495896457178,148.5,-83.0674902736374));
#2760=CARTESIAN_POINT('',(-1.0658234616444,129.25,-44.8837240895637));
#2761=CARTESIAN_POINT('',(-3.89425058639043,129.25,-47.71215121431));
#2762=CARTESIAN_POINT('',(-1.0658234616444,143.5,-44.8837240895637));
#2763=CARTESIAN_POINT('',(-1.0658234616444,148.5,-44.8837240895637));
#2764=CARTESIAN_POINT('',(14.641333996287,143.5,-29.1765666316293));
#2765=CARTESIAN_POINT('',(-3.89425058639043,143.5,-47.71215121431));
#2766=CARTESIAN_POINT('',(14.641333996287,148.5,-29.1765666316293));
#2767=CARTESIAN_POINT('Origin',(16.5884352845226,146.5,-46.7034655597866));
#2768=CARTESIAN_POINT('',(23.9376711862281,146.5,-61.4019373631976));
#2769=CARTESIAN_POINT('',(23.9376711862281,146.5,-32.0049937563755));
#2770=CARTESIAN_POINT('',(23.9376711862281,146.5,-32.0049937563755));
#2771=CARTESIAN_POINT('',(9.23919938281704,146.5,-46.7034655597866));
#2772=CARTESIAN_POINT('',(19.839957822322,146.5,-36.1027071202816));
#2773=CARTESIAN_POINT('',(11.0765083582434,146.5,-48.540774535213));
#2774=CARTESIAN_POINT('Origin',(23.9376711862281,148.5,-32.0049937563755));
#2775=CARTESIAN_POINT('',(23.9376711862281,150.5,-61.4019373631976));
#2776=CARTESIAN_POINT('',(23.9376711862281,148.5,-61.4019373631976));
#2777=CARTESIAN_POINT('',(23.9376711862281,150.5,-32.0049937563755));
#2778=CARTESIAN_POINT('',(23.9376711862281,150.5,-32.0049937563755));
#2779=CARTESIAN_POINT('',(23.9376711862281,148.5,-32.0049937563755));
#2780=CARTESIAN_POINT('Origin',(16.5884352845226,150.5,-46.7034655597866));
#2781=CARTESIAN_POINT('',(9.23919938281704,150.5,-46.7034655597866));
#2782=CARTESIAN_POINT('',(11.0765083582434,150.5,-48.540774535213));
#2783=CARTESIAN_POINT('',(19.839957822322,150.5,-36.1027071202816));
#2784=CARTESIAN_POINT('Origin',(11.1413339962867,150.5,-29.1763835856627));
#2785=CARTESIAN_POINT('',(13.7590677354247,150.5,-28.2942542292583));
#2786=CARTESIAN_POINT('Origin',(9.23919938281704,148.5,-46.7034655597866));
#2787=CARTESIAN_POINT('',(9.23919938281704,143.5,-46.7034655597866));
#2788=CARTESIAN_POINT('',(9.23919938281704,148.5,-46.7034655597866));
#2789=CARTESIAN_POINT('',(34.2895155976832,143.5,-71.7537817746528));
#2790=CARTESIAN_POINT('',(9.23919938281704,143.5,-46.7034655597866));
#2791=CARTESIAN_POINT('',(34.2895155976832,148.5,-71.7537817746528));
#2792=CARTESIAN_POINT('',(9.23919938281704,148.5,-46.7034655597866));
#2793=CARTESIAN_POINT('Origin',(14.641333996287,148.5,-29.1765666316293));
#2794=CARTESIAN_POINT('',(14.641333996287,143.5,-29.1765666316293));
#2795=CARTESIAN_POINT('',(2.7916255754391,163.5,-17.3262384846864));
#2796=CARTESIAN_POINT('Origin',(9.88854817574329,139.75,-15.5327329805835));
#2797=CARTESIAN_POINT('',(19.0852790674449,143.5,-24.7297043584329));
#2798=CARTESIAN_POINT('Origin',(-4.60135736757694,143.5,-64.8435770194538));
#2799=CARTESIAN_POINT('',(25.8042342234446,143.5,-71.7537817746528));
#2800=CARTESIAN_POINT('',(16.4752851368895,143.5,-62.4248326880977));
#2801=CARTESIAN_POINT('',(-12.379531960629,143.5,-109.937547958726));
#2802=CARTESIAN_POINT('',(0.838504422452166,143.5,-96.7195115756452));
#2803=CARTESIAN_POINT('',(-35.1435098897285,143.5,-87.1735700296267));
#2804=CARTESIAN_POINT('',(-12.3795319606289,143.5,-118.422829332965));
#2805=CARTESIAN_POINT('',(-12.3795319606289,143.5,-118.422829332965));
#2806=CARTESIAN_POINT('',(34.2895155976832,143.5,-71.7537817746528));
#2807=CARTESIAN_POINT('',(26.7660983109743,143.5,-29.1765666316293));
#2808=CARTESIAN_POINT('',(26.7660983109743,143.5,-29.1765666316293));
#2809=CARTESIAN_POINT('',(8.85385638528773,143.5,-11.2643247059428));
#2810=CARTESIAN_POINT('Origin',(9.88854817574329,157.25,-15.5327329805835));
#2811=CARTESIAN_POINT('',(7.23699053319316,160.88992170779,-12.8811060022387));
#2812=CARTESIAN_POINT('Origin',(2.7916255754391,163.5,-17.3262384846864));
#2813=CARTESIAN_POINT('',(2.7916255754391,163.5,-17.3262384846864));
#2814=CARTESIAN_POINT('',(2.7916255754391,163.5,-17.3262384846864));
#2815=CARTESIAN_POINT('',(8.85385638528773,163.5,-11.2643247059428));
#2816=CARTESIAN_POINT('',(8.85385638528773,163.5,-11.2643247059428));
#2817=CARTESIAN_POINT('',(8.85385638528773,163.5,-11.2643247059428));
#2818=CARTESIAN_POINT('Origin',(-8.13689127350969,134.25,-75.996422461772));
#2819=CARTESIAN_POINT('Origin',(25.8042342234446,148.5,-71.7537817746528));
#2820=CARTESIAN_POINT('',(-12.379531960629,162.75,-109.937547958726));
#2821=CARTESIAN_POINT('',(-12.379531960629,148.5,-109.937547958726));
#2822=CARTESIAN_POINT('',(25.8042342234446,162.75,-71.7537817746528));
#2823=CARTESIAN_POINT('',(25.8042342234446,162.75,-71.7537817746528));
#2824=CARTESIAN_POINT('',(25.8042342234446,148.5,-71.7537817746528));
#2825=CARTESIAN_POINT('Origin',(-12.379531960629,148.5,-109.937547958726));
#2826=CARTESIAN_POINT('',(-12.379531960629,162.75,-109.937547958726));
#2827=CARTESIAN_POINT('Origin',(-1.0658234616444,148.5,-44.8837240895637));
#2828=CARTESIAN_POINT('',(-1.0658234616444,162.75,-44.8837240895637));
#2829=CARTESIAN_POINT('Origin',(-6.72267771113659,162.75,-77.410636024145));
#2830=CARTESIAN_POINT('Origin',(-12.379531960629,148.5,-109.937547958726));
#2831=CARTESIAN_POINT('',(25.8042342234446,129.25,-71.7537817746528));
#2832=CARTESIAN_POINT('',(25.8042342234446,148.5,-71.7537817746528));
#2833=CARTESIAN_POINT('',(-12.379531960629,129.25,-109.937547958726));
#2834=CARTESIAN_POINT('',(25.8042342234446,129.25,-71.7537817746528));
#2835=CARTESIAN_POINT('',(-12.379531960629,148.5,-109.937547958726));
#2836=CARTESIAN_POINT('Origin',(25.8042342234447,148.5,-71.7537817746528));
#2837=CARTESIAN_POINT('',(-1.0658234616444,129.25,-44.8837240895637));
#2838=CARTESIAN_POINT('Origin',(-39.2495896457178,148.5,-83.0674902736374));
#2839=CARTESIAN_POINT('',(-12.379531960629,129.25,-109.937547958726));
#2840=CARTESIAN_POINT('Origin',(-6.72267771113659,129.25,-77.410636024145));
#2841=CARTESIAN_POINT('Origin',(-12.3795319606289,148.5,-118.422829332965));
#2842=CARTESIAN_POINT('',(-12.3795319606289,148.5,-118.422829332965));
#2843=CARTESIAN_POINT('Origin',(34.2895155976832,148.5,-71.7537817746528));
#2844=CARTESIAN_POINT('Origin',(26.7660983109743,148.5,-29.1765666316293));
#2845=CARTESIAN_POINT('',(26.7660983109743,148.5,-29.1765666316293));
#2846=CARTESIAN_POINT('Origin',(8.85385638528773,148.5,-11.2643247059428));
#2847=CARTESIAN_POINT('',(8.85385638528773,163.5,-11.2643247059428));
#2848=CARTESIAN_POINT('Origin',(8.85385638528773,163.5,-11.2643247059428));
#2849=CARTESIAN_POINT('',(2.79389096567521,163.5,-11.2643247059428));
#2850=CARTESIAN_POINT('',(2.7917840868466,163.5,-11.2643247059428));
#2851=CARTESIAN_POINT('',(2.79389096567521,133.5,-11.2643247059428));
#2852=CARTESIAN_POINT('',(2.79389096567521,163.5,-11.2643247059428));
#2853=CARTESIAN_POINT('',(2.7917840868466,133.5,-11.2643247059428));
#2854=CARTESIAN_POINT('Origin',(2.79389096567521,163.5,-11.2643247059428));
#2855=CARTESIAN_POINT('',(2.7916255754391,163.5,-17.3262384846864));
#2856=CARTESIAN_POINT('',(2.7916255754391,133.5,-17.3262384846864));
#2857=CARTESIAN_POINT('Origin',(5.82274098036341,163.5,-14.2952815953146));
#2858=CARTESIAN_POINT('Origin',(5.82274098036341,133.5,-14.2952815953146));
#2859=CARTESIAN_POINT('Origin',(-5.79634283996074,133.5,-5.79016951658887));
#2860=CARTESIAN_POINT('',(-7.90655962328849,133.5,-2.80655962328849));
#2861=CARTESIAN_POINT('',(-11.1065596232885,133.5,-2.80655962328849));
#2862=CARTESIAN_POINT('',(-7.90655962328849,133.5,-2.80655962328849));
#2863=CARTESIAN_POINT('',(-7.9065596232885,133.5,-5.74589945150867));
#2864=CARTESIAN_POINT('',(-7.9065596232885,133.5,-5.74589945150867));
#2865=CARTESIAN_POINT('',(-7.08940233576311,133.5,-5.74589945150867));
#2866=CARTESIAN_POINT('',(-7.08940233576311,133.5,-5.74589945150867));
#2867=CARTESIAN_POINT('',(-4.76066017177983,133.5,-3.41715728752537));
#2868=CARTESIAN_POINT('',(-4.76066017177983,133.5,-3.41715728752537));
#2869=CARTESIAN_POINT('',(-4.76066017177983,133.5,3.41715728752537));
#2870=CARTESIAN_POINT('',(-4.76066017177983,133.5,3.41715728752537));
#2871=CARTESIAN_POINT('',(-7.08940233576311,133.5,5.74589945150867));
#2872=CARTESIAN_POINT('',(-7.08940233576311,133.5,5.74589945150867));
#2873=CARTESIAN_POINT('',(-7.9065596232885,133.5,5.74589945150867));
#2874=CARTESIAN_POINT('',(-7.9065596232885,133.5,5.74589945150867));
#2875=CARTESIAN_POINT('',(-7.90655962328849,133.5,2.80655962328849));
#2876=CARTESIAN_POINT('',(-7.90655962328849,133.5,2.80655962328849));
#2877=CARTESIAN_POINT('',(-11.6847138221063,133.5,2.80655962328849));
#2878=CARTESIAN_POINT('',(-17.3292794289348,133.5,2.80655962328849));
#2879=CARTESIAN_POINT('',(-11.6847138221063,133.5,8.45112523011703));
#2880=CARTESIAN_POINT('',(-11.6847138221063,133.5,8.45112523011703));
#2881=CARTESIAN_POINT('',(-17.3292794289348,133.5,2.80655962328849));
#2882=CARTESIAN_POINT('',(-17.3292794289348,133.5,2.80655962328849));
#2883=CARTESIAN_POINT('',(-17.3292794289348,133.5,-17.3065596232885));
#2884=CARTESIAN_POINT('',(-17.3292794289348,133.5,-17.3065596232885));
#2885=CARTESIAN_POINT('',(-2.32929233752658,133.5,-17.3262384846864));
#2886=CARTESIAN_POINT('',(-2.32929233752658,133.5,-17.3262384846864));
#2887=CARTESIAN_POINT('',(2.7916255754391,133.5,-17.3262384846864));
#2888=CARTESIAN_POINT('',(2.7916255754391,133.5,-17.3262384846864));
#2889=CARTESIAN_POINT('',(2.7916255754391,133.5,-11.3851482138842));
#2890=CARTESIAN_POINT('',(2.7916255754391,133.5,-11.3851482138842));
#2891=CARTESIAN_POINT('',(2.79618440197559,133.5,-7.91023481230725));
#2892=CARTESIAN_POINT('',(2.79618440197559,133.5,-7.91023481230725));
#2893=CARTESIAN_POINT('',(5.73552170067992,133.5,-7.91409100304598));
#2894=CARTESIAN_POINT('',(5.73552170067992,133.5,-7.91409100304598));
#2895=CARTESIAN_POINT('',(5.73659374901335,133.5,-7.09693441874392));
#2896=CARTESIAN_POINT('',(5.73659374901335,133.5,-7.09693441874392));
#2897=CARTESIAN_POINT('',(3.41090872203394,133.5,-4.76513912586099));
#2898=CARTESIAN_POINT('',(3.41090872203394,133.5,-4.76513912586099));
#2899=CARTESIAN_POINT('',(-3.42339997159168,133.5,-4.75617302390951));
#2900=CARTESIAN_POINT('',(-3.42339997159168,133.5,-4.75617302390951));
#2901=CARTESIAN_POINT('',(-5.75519526447463,133.5,-7.0818580508889));
#2902=CARTESIAN_POINT('',(-5.75519526447463,133.5,-7.0818580508889));
#2903=CARTESIAN_POINT('',(-5.75626731280806,133.5,-7.89901463519096));
#2904=CARTESIAN_POINT('',(-5.75626731280806,133.5,-7.89901463519096));
#2905=CARTESIAN_POINT('',(-2.81693001410374,133.5,-7.90287082592969));
#2906=CARTESIAN_POINT('',(-2.81693001410374,133.5,-7.90287082592969));
#2907=CARTESIAN_POINT('',(-2.82112899553064,133.5,-11.1034964123158));
#2908=CARTESIAN_POINT('',(-2.8286359452639,133.5,-16.825582953048));
#2909=CARTESIAN_POINT('',(-11.1065596232885,133.5,-11.1034964123158));
#2910=CARTESIAN_POINT('',(-6.03614447761332,133.5,-11.1034964123158));
#2911=CARTESIAN_POINT('',(-11.1065596232885,133.5,-10.3898231282998));
#2912=CARTESIAN_POINT('Origin',(-2.32929233752658,133.5,-17.3262384846864));
#2913=CARTESIAN_POINT('',(-17.3292794289348,163.5,-17.3065596232885));
#2914=CARTESIAN_POINT('',(-17.3292794289348,133.5,-17.3065596232885));
#2915=CARTESIAN_POINT('',(-2.32929233752658,163.5,-17.3262384846864));
#2916=CARTESIAN_POINT('',(-2.32929233752658,163.5,-17.3262384846864));
#2917=CARTESIAN_POINT('',(-2.32929233752658,133.5,-17.3262384846864));
#2918=CARTESIAN_POINT('',(-4.59238381372954,148.5,-17.3232694778986));
#2919=CARTESIAN_POINT('Origin',(-7.34238144715439,148.5,-17.3196616866424));
#2920=CARTESIAN_POINT('Origin',(-17.3292794289348,133.5,-17.3065596232885));
#2921=CARTESIAN_POINT('',(-17.3292794289348,163.5,2.80655962328849));
#2922=CARTESIAN_POINT('',(-17.3292794289348,163.5,2.80655962328849));
#2923=CARTESIAN_POINT('',(-17.3292794289348,163.5,-17.3065596232885));
#2924=CARTESIAN_POINT('',(-17.3292794289348,148.5,-10.0762384846864));
#2925=CARTESIAN_POINT('Origin',(-17.3292794289348,148.5,-7.32623848468642));
#2926=CARTESIAN_POINT('Origin',(-11.6065596232885,133.5,2.80655962328849));
#2927=CARTESIAN_POINT('',(-11.6847138221063,163.5,2.80655962328849));
#2928=CARTESIAN_POINT('',(-11.6847138221063,148.5,2.80655962328849));
#2929=CARTESIAN_POINT('',(-7.90655962328849,163.5,2.80655962328849));
#2930=CARTESIAN_POINT('',(-7.90655962328849,133.5,2.80655962328849));
#2931=CARTESIAN_POINT('',(-17.3292794289348,163.5,2.80655962328849));
#2932=CARTESIAN_POINT('Origin',(-7.90655962328849,133.5,2.80655962328849));
#2933=CARTESIAN_POINT('',(-7.9065596232885,163.5,5.74589945150867));
#2934=CARTESIAN_POINT('',(-7.9065596232885,133.5,5.74589945150867));
#2935=CARTESIAN_POINT('',(-7.90655962328849,163.5,2.80655962328849));
#2936=CARTESIAN_POINT('Origin',(-7.9065596232885,133.5,5.74589945150867));
#2937=CARTESIAN_POINT('',(-7.08940233576311,163.5,5.74589945150867));
#2938=CARTESIAN_POINT('',(-7.08940233576311,133.5,5.74589945150867));
#2939=CARTESIAN_POINT('',(-7.9065596232885,163.5,5.74589945150867));
#2940=CARTESIAN_POINT('Origin',(-7.08940233576311,133.5,5.74589945150867));
#2941=CARTESIAN_POINT('',(-4.76066017177983,163.5,3.41715728752537));
#2942=CARTESIAN_POINT('',(-4.76066017177983,133.5,3.41715728752537));
#2943=CARTESIAN_POINT('',(-7.08940233576311,163.5,5.74589945150867));
#2944=CARTESIAN_POINT('Origin',(-4.76066017177983,133.5,3.41715728752537));
#2945=CARTESIAN_POINT('',(-4.76066017177983,163.5,-3.41715728752537));
#2946=CARTESIAN_POINT('',(-4.76066017177983,133.5,-3.41715728752537));
#2947=CARTESIAN_POINT('',(-4.76066017177983,163.5,3.41715728752537));
#2948=CARTESIAN_POINT('Origin',(-4.76066017177983,133.5,-3.41715728752537));
#2949=CARTESIAN_POINT('',(-7.08940233576311,163.5,-5.74589945150867));
#2950=CARTESIAN_POINT('',(-7.08940233576311,133.5,-5.74589945150867));
#2951=CARTESIAN_POINT('',(-4.76066017177983,163.5,-3.41715728752537));
#2952=CARTESIAN_POINT('Origin',(-7.08940233576311,133.5,-5.74589945150867));
#2953=CARTESIAN_POINT('',(-7.9065596232885,163.5,-5.74589945150867));
#2954=CARTESIAN_POINT('',(-7.9065596232885,133.5,-5.74589945150867));
#2955=CARTESIAN_POINT('',(-7.08940233576311,163.5,-5.74589945150867));
#2956=CARTESIAN_POINT('Origin',(-7.9065596232885,133.5,-5.74589945150867));
#2957=CARTESIAN_POINT('',(-7.90655962328849,163.5,-2.80655962328849));
#2958=CARTESIAN_POINT('',(-7.90655962328849,133.5,-2.80655962328849));
#2959=CARTESIAN_POINT('',(-7.9065596232885,163.5,-5.74589945150867));
#2960=CARTESIAN_POINT('Origin',(-7.90655962328849,133.5,-2.80655962328849));
#2961=CARTESIAN_POINT('',(-11.1065596232885,163.5,-2.80655962328849));
#2962=CARTESIAN_POINT('',(-11.1065596232885,148.5,-2.80655962328849));
#2963=CARTESIAN_POINT('',(-7.90655962328849,163.5,-2.80655962328849));
#2964=CARTESIAN_POINT('Origin',(-2.81693001410374,133.5,-7.90287082592969));
#2965=CARTESIAN_POINT('',(-5.75626731280806,163.5,-7.89901463519096));
#2966=CARTESIAN_POINT('',(-5.75626731280806,133.5,-7.89901463519096));
#2967=CARTESIAN_POINT('',(-2.81693001410374,163.5,-7.90287082592969));
#2968=CARTESIAN_POINT('',(-2.81693001410374,163.5,-7.90287082592969));
#2969=CARTESIAN_POINT('',(-2.81693001410374,133.5,-7.90287082592969));
#2970=CARTESIAN_POINT('Origin',(-5.75626731280806,133.5,-7.89901463519096));
#2971=CARTESIAN_POINT('',(-5.75519526447463,163.5,-7.08185805088891));
#2972=CARTESIAN_POINT('',(-5.75519526447463,133.5,-7.0818580508889));
#2973=CARTESIAN_POINT('',(-5.75626731280806,163.5,-7.89901463519096));
#2974=CARTESIAN_POINT('Origin',(-5.75519526447463,133.5,-7.0818580508889));
#2975=CARTESIAN_POINT('',(-3.42339997159168,163.5,-4.75617302390951));
#2976=CARTESIAN_POINT('',(-3.42339997159168,133.5,-4.75617302390951));
#2977=CARTESIAN_POINT('',(-5.75519526447463,163.5,-7.0818580508889));
#2978=CARTESIAN_POINT('Origin',(-3.42339997159168,133.5,-4.75617302390951));
#2979=CARTESIAN_POINT('',(3.41090872203394,163.5,-4.76513912586099));
#2980=CARTESIAN_POINT('',(3.41090872203394,133.5,-4.76513912586099));
#2981=CARTESIAN_POINT('',(-3.42339997159168,163.5,-4.75617302390951));
#2982=CARTESIAN_POINT('Origin',(3.41090872203394,133.5,-4.76513912586099));
#2983=CARTESIAN_POINT('',(5.73659374901335,163.5,-7.09693441874392));
#2984=CARTESIAN_POINT('',(5.73659374901335,133.5,-7.09693441874392));
#2985=CARTESIAN_POINT('',(3.41090872203394,163.5,-4.76513912586099));
#2986=CARTESIAN_POINT('Origin',(5.73659374901335,133.5,-7.09693441874392));
#2987=CARTESIAN_POINT('',(5.73552170067992,163.5,-7.91409100304598));
#2988=CARTESIAN_POINT('',(5.73552170067992,133.5,-7.91409100304598));
#2989=CARTESIAN_POINT('',(5.73659374901335,163.5,-7.09693441874392));
#2990=CARTESIAN_POINT('Origin',(5.73552170067992,133.5,-7.91409100304598));
#2991=CARTESIAN_POINT('',(2.79618440197559,163.5,-7.91023481230725));
#2992=CARTESIAN_POINT('',(2.79618440197559,133.5,-7.91023481230725));
#2993=CARTESIAN_POINT('',(5.73552170067992,163.5,-7.91409100304598));
#2994=CARTESIAN_POINT('Origin',(2.79618440197559,133.5,-7.91023481230725));
#2995=CARTESIAN_POINT('',(2.7916255754391,163.5,-11.3851482138842));
#2996=CARTESIAN_POINT('',(2.7916255754391,148.5,-11.3851482138842));
#2997=CARTESIAN_POINT('',(2.79618440197559,163.5,-7.91023481230725));
#2998=CARTESIAN_POINT('Origin',(-2.32929233752658,163.5,-17.3262384846864));
#2999=CARTESIAN_POINT('',(2.7916255754391,163.5,-17.3262384846864));
#3000=CARTESIAN_POINT('',(2.7916255754391,163.5,-17.3262384846864));
#3001=CARTESIAN_POINT('',(2.7916255754391,153.5,-17.3262384846864));
#3002=CARTESIAN_POINT('',(2.7916255754391,163.5,-17.3262384846864));
#3003=CARTESIAN_POINT('',(2.7916255754391,143.5,-17.3262384846864));
#3004=CARTESIAN_POINT('',(2.7916255754391,163.5,-17.3262384846864));
#3005=CARTESIAN_POINT('',(2.7916255754391,163.5,-17.3262384846864));
#3006=CARTESIAN_POINT('Origin',(2.7916255754391,163.5,-17.3262384846864));
#3007=CARTESIAN_POINT('',(2.7916255754391,163.5,-11.3851482138842));
#3008=CARTESIAN_POINT('Origin',(-2.8286359452639,133.5,-16.825582953048));
#3009=CARTESIAN_POINT('',(-2.82112899553064,163.5,-11.1034964123158));
#3010=CARTESIAN_POINT('',(-2.82112899553064,148.5,-11.1034964123158));
#3011=CARTESIAN_POINT('',(-2.8286359452639,163.5,-16.825582953048));
#3012=CARTESIAN_POINT('Origin',(-5.79634283996074,163.5,-5.79016951658887));
#3013=CARTESIAN_POINT('',(-11.1065596232885,163.5,-11.1034964123158));
#3014=CARTESIAN_POINT('',(-11.1065596232885,163.5,-2.30655962328849));
#3015=CARTESIAN_POINT('',(-17.1180288392961,163.5,-11.1034964123158));
#3016=CARTESIAN_POINT('',(-11.6847138221063,163.5,8.45112523011703));
#3017=CARTESIAN_POINT('',(-17.3292794289348,163.5,2.80655962328849));
#3018=CARTESIAN_POINT('',(-11.6847138221063,163.5,8.45112523011703));
#3019=CARTESIAN_POINT('Origin',(-2.34218302371904,163.5,-11.1034964123158));
#3020=CARTESIAN_POINT('',(-11.1065596232885,163.5,-11.1034964123158));
#3021=CARTESIAN_POINT('',(-4.27914521021639,148.5,-11.1034964123158));
#3022=CARTESIAN_POINT('',(-5.80912342356889,145.85,-11.1034964123158));
#3023=CARTESIAN_POINT('',(-0.789429672712576,154.544364614919,-11.1034964123158));
#3024=CARTESIAN_POINT('',(-8.8690798502739,145.85,-11.1034964123158));
#3025=CARTESIAN_POINT('',(-4.07565322364397,145.85,-11.1034964123158));
#3026=CARTESIAN_POINT('',(-10.3990580636264,148.5,-11.1034964123158));
#3027=CARTESIAN_POINT('',(-11.8745548411534,151.055635385081,-11.1034964123158));
#3028=CARTESIAN_POINT('',(-8.8690798502739,151.15,-11.1034964123158));
#3029=CARTESIAN_POINT('',(-6.14435341944634,155.869364614919,-11.1034964123158));
#3030=CARTESIAN_POINT('',(-5.80912342356889,151.15,-11.1034964123158));
#3031=CARTESIAN_POINT('',(-5.60563143699647,151.15,-11.1034964123158));
#3032=CARTESIAN_POINT('',(-8.04960930777211,155.030635385081,-11.1034964123158));
#3033=CARTESIAN_POINT('Origin',(-11.1065596232885,163.5,-11.1034964123158));
#3034=CARTESIAN_POINT('',(-11.1065596232885,148.5,-10.3861949113914));
#3035=CARTESIAN_POINT('',(-11.1065596232885,145.85,-8.85621669803893));
#3036=CARTESIAN_POINT('',(-11.1065596232885,154.280300330493,-13.7234528631986));
#3037=CARTESIAN_POINT('',(-11.1065596232885,145.85,-5.79626027133391));
#3038=CARTESIAN_POINT('',(-11.1065596232885,145.85,-9.97985655517737));
#3039=CARTESIAN_POINT('',(-11.1065596232885,148.5,-4.2662820579814));
#3040=CARTESIAN_POINT('',(-11.1065596232885,151.319699669507,-2.63832769475781));
#3041=CARTESIAN_POINT('',(-11.1065596232885,151.15,-5.79626027133392));
#3042=CARTESIAN_POINT('',(-11.1065596232885,155.605300330493,-8.36852911646485));
#3043=CARTESIAN_POINT('',(-11.1065596232885,151.15,-8.85621669803893));
#3044=CARTESIAN_POINT('',(-11.1065596232885,151.15,-8.44987834182487));
#3045=CARTESIAN_POINT('',(-11.1065596232885,155.294699669507,-6.46327322813909));
#3046=CARTESIAN_POINT('Origin',(-11.6847138221063,163.5,2.80655962328849));
#3047=CARTESIAN_POINT('',(-11.6847138221063,163.5,8.45112523011703));
#3048=CARTESIAN_POINT('Origin',(-11.6847138221063,163.5,8.45112523011703));
#3049=CARTESIAN_POINT('Origin',(-13.3292794289348,148.5,-7.32623848468642));
#3050=CARTESIAN_POINT('',(-14.8292794289348,148.5,-8.82623848468642));
#3051=CARTESIAN_POINT('Origin',(-14.8292794289348,148.5,-7.32623848468642));
#3052=CARTESIAN_POINT('',(-13.1065596232885,148.5,-8.82623848468642));
#3053=CARTESIAN_POINT('',(-13.3292794289348,148.5,-8.82623848468642));
#3054=CARTESIAN_POINT('Origin',(-13.1065596232885,148.5,-7.32623848468642));
#3055=CARTESIAN_POINT('Origin',(-16.0792794289348,148.5,-7.32623848468642));
#3056=CARTESIAN_POINT('',(-14.8292794289348,148.5,-10.0762384846864));
#3057=CARTESIAN_POINT('',(-16.0792794289348,148.5,-10.0762384846864));
#3058=CARTESIAN_POINT('Origin',(-14.8292794289348,148.5,-7.32623848468642));
#3059=CARTESIAN_POINT('Origin',(-14.8292794289348,148.5,-7.32623848468642));
#3060=CARTESIAN_POINT('Origin',(-7.3371337507816,148.5,-13.3196651289335));
#3061=CARTESIAN_POINT('',(-5.83910292778057,148.5,-14.8216317242141));
#3062=CARTESIAN_POINT('Origin',(-7.3391016369214,148.5,-14.8196638380743));
#3063=CARTESIAN_POINT('',(-5.83684886272974,148.5,-13.1034964123158));
#3064=CARTESIAN_POINT('',(-5.83713504164078,148.5,-13.3216330150733));
#3065=CARTESIAN_POINT('Origin',(-7.33685015359002,148.5,-13.1034964123158));
#3066=CARTESIAN_POINT('Origin',(-7.34074154203789,148.5,-16.0696627623583));
#3067=CARTESIAN_POINT('',(-4.58910400349655,148.5,-14.8232716293306));
#3068=CARTESIAN_POINT('',(-4.59074390861305,148.5,-16.0732705536146));
#3069=CARTESIAN_POINT('Origin',(-7.3391016369214,148.5,-14.8196638380743));
#3070=CARTESIAN_POINT('Origin',(-7.3391016369214,148.5,-14.8196638380743));
#3071=CARTESIAN_POINT('Origin',(-7.3391016369214,148.5,-13.1034964123158));
#3072=CARTESIAN_POINT('',(-5.80912342356889,145.85,-13.1034964123158));
#3073=CARTESIAN_POINT('',(-8.8690798502739,145.85,-13.1034964123158));
#3074=CARTESIAN_POINT('',(-8.8690798502739,145.85,-13.1034964123158));
#3075=CARTESIAN_POINT('',(-4.27914521021639,148.5,-13.1034964123158));
#3076=CARTESIAN_POINT('',(-5.80912342356889,145.85,-13.1034964123158));
#3077=CARTESIAN_POINT('',(-5.80912342356889,151.15,-13.1034964123158));
#3078=CARTESIAN_POINT('',(-4.27914521021639,148.5,-13.1034964123158));
#3079=CARTESIAN_POINT('',(-8.8690798502739,151.15,-13.1034964123158));
#3080=CARTESIAN_POINT('',(-5.80912342356889,151.15,-13.1034964123158));
#3081=CARTESIAN_POINT('',(-10.3990580636264,148.5,-13.1034964123158));
#3082=CARTESIAN_POINT('',(-8.8690798502739,151.15,-13.1034964123158));
#3083=CARTESIAN_POINT('',(-10.3990580636264,148.5,-13.1034964123158));
#3084=CARTESIAN_POINT('Origin',(-5.80912342356889,145.85,-11.1034964123158));
#3085=CARTESIAN_POINT('',(-5.80912342356889,145.85,-11.1034964123158));
#3086=CARTESIAN_POINT('',(-8.8690798502739,145.85,-11.1034964123158));
#3087=CARTESIAN_POINT('Origin',(-8.86907985027391,145.85,-11.1034964123158));
#3088=CARTESIAN_POINT('',(-10.3990580636264,148.5,-11.1034964123158));
#3089=CARTESIAN_POINT('Origin',(-10.3990580636264,148.5,-11.1034964123158));
#3090=CARTESIAN_POINT('',(-8.8690798502739,151.15,-11.1034964123158));
#3091=CARTESIAN_POINT('Origin',(-8.8690798502739,151.15,-11.1034964123158));
#3092=CARTESIAN_POINT('',(-5.80912342356889,151.15,-11.1034964123158));
#3093=CARTESIAN_POINT('Origin',(-5.80912342356889,151.15,-11.1034964123158));
#3094=CARTESIAN_POINT('',(-4.27914521021639,148.5,-11.1034964123158));
#3095=CARTESIAN_POINT('Origin',(-4.27914521021639,148.5,-11.1034964123158));
#3096=CARTESIAN_POINT('Origin',(-13.1065596232885,148.5,-7.32623848468642));
#3097=CARTESIAN_POINT('',(-13.1065596232885,145.85,-8.85621669803893));
#3098=CARTESIAN_POINT('',(-13.1065596232885,145.85,-5.79626027133391));
#3099=CARTESIAN_POINT('',(-13.1065596232885,145.85,-5.79626027133391));
#3100=CARTESIAN_POINT('',(-13.1065596232885,148.5,-10.3861949113914));
#3101=CARTESIAN_POINT('',(-13.1065596232885,145.85,-8.85621669803893));
#3102=CARTESIAN_POINT('',(-13.1065596232885,151.15,-8.85621669803893));
#3103=CARTESIAN_POINT('',(-13.1065596232885,148.5,-10.3861949113914));
#3104=CARTESIAN_POINT('',(-13.1065596232885,151.15,-5.79626027133392));
#3105=CARTESIAN_POINT('',(-13.1065596232885,151.15,-8.85621669803893));
#3106=CARTESIAN_POINT('',(-13.1065596232885,148.5,-4.2662820579814));
#3107=CARTESIAN_POINT('',(-13.1065596232885,151.15,-5.79626027133392));
#3108=CARTESIAN_POINT('',(-13.1065596232885,148.5,-4.2662820579814));
#3109=CARTESIAN_POINT('Origin',(-11.1065596232885,145.85,-8.85621669803893));
#3110=CARTESIAN_POINT('',(-11.1065596232885,145.85,-8.85621669803893));
#3111=CARTESIAN_POINT('',(-11.1065596232885,145.85,-5.79626027133391));
#3112=CARTESIAN_POINT('Origin',(-11.1065596232885,145.85,-5.79626027133391));
#3113=CARTESIAN_POINT('',(-11.1065596232885,148.5,-4.2662820579814));
#3114=CARTESIAN_POINT('Origin',(-11.1065596232885,148.5,-4.2662820579814));
#3115=CARTESIAN_POINT('',(-11.1065596232885,151.15,-5.79626027133392));
#3116=CARTESIAN_POINT('Origin',(-11.1065596232885,151.15,-5.79626027133392));
#3117=CARTESIAN_POINT('',(-11.1065596232885,151.15,-8.85621669803893));
#3118=CARTESIAN_POINT('Origin',(-11.1065596232885,151.15,-8.85621669803893));
#3119=CARTESIAN_POINT('',(-11.1065596232885,148.5,-10.3861949113914));
#3120=CARTESIAN_POINT('Origin',(-11.1065596232885,148.5,-10.3861949113914));
#3121=CARTESIAN_POINT('',(0.,148.5,0.));
#3122=CARTESIAN_POINT('',(0.,162.75,0.));
#3123=CARTESIAN_POINT('',(0.,162.75,0.));
#3124=CARTESIAN_POINT('',(-2.82196311318503,0.,-2.82188932334591));
#3125=UNCERTAINTY_MEASURE_WITH_UNIT(LENGTH_MEASURE(0.01),#3129,
'DISTANCE_ACCURACY_VALUE',
'Maximum model space distance between geometric entities at asserted c
onnectivities');
#3126=UNCERTAINTY_MEASURE_WITH_UNIT(LENGTH_MEASURE(0.01),#3129,
'DISTANCE_ACCURACY_VALUE',
'Maximum model space distance between geometric entities at asserted c
onnectivities');
#3127=(
GEOMETRIC_REPRESENTATION_CONTEXT(3)
GLOBAL_UNCERTAINTY_ASSIGNED_CONTEXT((#3125))
GLOBAL_UNIT_ASSIGNED_CONTEXT((#3129,#3131,#3132))
REPRESENTATION_CONTEXT('','3D')
);
#3128=(
GEOMETRIC_REPRESENTATION_CONTEXT(3)
GLOBAL_UNCERTAINTY_ASSIGNED_CONTEXT((#3126))
GLOBAL_UNIT_ASSIGNED_CONTEXT((#3129,#3131,#3132))
REPRESENTATION_CONTEXT('','3D')
);
#3129=(
LENGTH_UNIT()
NAMED_UNIT(*)
SI_UNIT(.MILLI.,.METRE.)
);
#3130=(
LENGTH_UNIT()
NAMED_UNIT(*)
SI_UNIT(.CENTI.,.METRE.)
);
#3131=(
NAMED_UNIT(*)
PLANE_ANGLE_UNIT()
SI_UNIT($,.RADIAN.)
);
#3132=(
NAMED_UNIT(*)
SI_UNIT($,.STERADIAN.)
SOLID_ANGLE_UNIT()
);
#3133=SHAPE_DEFINITION_REPRESENTATION(#3134,#3135);
#3134=PRODUCT_DEFINITION_SHAPE('',$,#3137);
#3135=SHAPE_REPRESENTATION('',(#1983),#3127);
#3136=PRODUCT_DEFINITION_CONTEXT('part definition',#3141,'design');
#3137=PRODUCT_DEFINITION('MOTOR_MOUNT_','MOTOR_MOUNT_',#3138,#3136);
#3138=PRODUCT_DEFINITION_FORMATION('',$,#3143);
#3139=PRODUCT_RELATED_PRODUCT_CATEGORY('MOTOR_MOUNT_','MOTOR_MOUNT_',(#3143));
#3140=APPLICATION_PROTOCOL_DEFINITION('international standard',
'automotive_design',2009,#3141);
#3141=APPLICATION_CONTEXT(
'Core Data for Automotive Mechanical Design Process');
#3142=PRODUCT_CONTEXT('part definition',#3141,'mechanical');
#3143=PRODUCT('MOTOR_MOUNT_','MOTOR_MOUNT_',$,(#3142));
#3144=PRESENTATION_STYLE_ASSIGNMENT((#3147));
#3145=PRESENTATION_STYLE_ASSIGNMENT((#3148));
#3146=PRESENTATION_STYLE_ASSIGNMENT((#3149));
#3147=SURFACE_STYLE_USAGE(.BOTH.,#3154);
#3148=SURFACE_STYLE_USAGE(.BOTH.,#3155);
#3149=SURFACE_STYLE_USAGE(.BOTH.,#3156);
#3150=SURFACE_STYLE_RENDERING_WITH_PROPERTIES($,#3166,(#3152));
#3151=SURFACE_STYLE_RENDERING_WITH_PROPERTIES($,#3167,(#3153));
#3152=SURFACE_STYLE_TRANSPARENT(0.);
#3153=SURFACE_STYLE_TRANSPARENT(0.);
#3154=SURFACE_SIDE_STYLE('',(#3157,#3150));
#3155=SURFACE_SIDE_STYLE('',(#3158,#3151));
#3156=SURFACE_SIDE_STYLE('',(#3159));
#3157=SURFACE_STYLE_FILL_AREA(#3160);
#3158=SURFACE_STYLE_FILL_AREA(#3161);
#3159=SURFACE_STYLE_FILL_AREA(#3162);
#3160=FILL_AREA_STYLE('',(#3163));
#3161=FILL_AREA_STYLE('',(#3164));
#3162=FILL_AREA_STYLE('',(#3165));
#3163=FILL_AREA_STYLE_COLOUR('',#3166);
#3164=FILL_AREA_STYLE_COLOUR('',#3167);
#3165=FILL_AREA_STYLE_COLOUR('',#3168);
#3166=COLOUR_RGB('',0.92156862745098,0.92156862745098,0.92156862745098);
#3167=COLOUR_RGB('',0.811764705882353,0.309803921568627,0.);
#3168=COLOUR_RGB('',0.913725490196078,0.913725490196078,0.);
ENDSEC;
END-ISO-10303-21;
